IDRPoste;ADRPoste;CodeCommuneINSEE;NomCommune;DemandeProximite;CapaciteSansContrainte;ZoneTarifaireTURPE;PlageTarifInjection;Gabarit;CapacitePosteGabarit;NomZoneGabarit;CapaciteZoneGabarit
A.ADOP3;POSTE 63kV N0 1 AIRE-SUR-ADOUR;40001;Aire-sur-l'Adour;;< 5 MW;;;;;;
A.BAIP3;POSTE 63kV N0 1 AIX-LES-BAINS;73008;Aix-les-Bains;;< 5 MW;zone soutirage;;;;;
A.COMP6;POSTE 225kV N0 1 AVESNES-LE-COMTE;62063;Avesnes-le-Comte;;< 5 MW;zone soutirage;;;;;
A.HUEP3;POSTE 63kV N0 1 ALPE-D HUEZ;38191;Huez;;< 5 MW;zone soutirage;;;;;
A.LIGP3;POSTE 63kV N0 1 ACHILLE LIGNON;69266;Villeurbanne;;< 5 MW;zone soutirage;;;;;
A.MERP3;POSTE 63kV N0 1 ARGELES-SUR-MER;66008;Argelès-sur-Mer;;< 5 MW;;;;;;
A.MOUP6;POSTE 225kV N0 1 AIX-MOURET;13001;Aix-en-Provence;;< 5 MW;zone soutirage;;;;;
A.PLEP4;POSTE 90kV N0 1 ARGENTRE-DU-PLESSIS;35006;Argentré-du-Plessis;;< 5 MW;zone soutirage;;;;;
ABBENP3;POSTE 63kV N0 1 ABBENANS;25003;Abbenans;;< 5 MW;;;;;;
ABBEVP4;POSTE 90kV N0 1 ABBEVILLE;80001;Abbeville;;< 5 MW;;;;;;
ABLAIP6;POSTE 225kV N0 1 ABLAINCOURT;80002;Ablaincourt-Pressoir;;< 5 MW;;;;;;
ABONDP3;POSTE 63kV N0 1 ABONDANCE;74001;Abondance;;< 5 MW;zone soutirage;;;;;
ACHIEP4;POSTE 90kV N0 1 ACHIET;62005;Achiet-le-Grand;;< 5 MW;;;;;;
ADELSP3;POSTE 63kV N0 1 ADELSBERG;57628;Sarralbe;;< 5 MW;;;;;;
AGNEAP4;POSTE 90kV N0 1 AGNEAUX;50002;Agneaux;;< 5 MW;zone soutirage;;;;;
AGUESP3;POSTE 63kV N0 1 AGUESSAC;12002;Aguessac;;< 5 MW;zone injection PV;du 1er mai au 2 septembre inclus;;;;
AICIRP3;POSTE 63kV N0 1 AICIRITS;64010;Aïcirits-Camou-Suhast;;< 5 MW;;;;;;
AIGU6P3;POSTE 63kV N0 1 AIGUEPERSE;63001;Aigueperse;;< 5 MW;zone soutirage;;;;;
AIGURP4;POSTE 90kV N0 1 AIGURANDE;36001;Aigurande;;< 5 MW;zone injection PV;du 1er mai au 2 septembre inclus;;;;
AILLEP3;POSTE 63kV N0 1 AILLEVILLE;10002;Ailleville;;< 5 MW;zone injection PV;du 1er mai au 2 septembre inclus;;;;
AIME P3;POSTE 63kV N0 1 AIME;73150;La Plagne Tarentaise;;< 5 MW;zone soutirage;;;;;
AIRAIP4;POSTE 90kV N0 1 AIRAINES;80013;Airaines;;< 5 MW;;;;;;
AIRE P4;POSTE 90kV N0 1 AIRE;62014;Aire-sur-la-Lys;;< 5 MW;;;;;;
AIRVAP4;POSTE 90kV N0 1 AIRVAULT;79005;Airvault;zone faisant l'objet de demandes;< 5 MW;zone injection PV;du 1er mai au 2 septembre inclus;gabarit en injection;50 MW;Airvault;55 MW
AIRVAP6;POSTE 225kV N0 1 AIRVAULT;79005;Airvault;;< 5 MW;zone injection PV;du 1er mai au 2 septembre inclus;;;;
AIX  P3;POSTE 63kV N0 1 AIX;13001;Aix-en-Provence;;< 5 MW;zone soutirage;;;;;
ALBE5P4;POSTE 90kV N0 1 ALBERT;80016;Albert;;< 5 MW;;;;;;
ALBERP3;POSTE 63kV N0 1 ALBERTVILLE;73011;Albertville;;< 5 MW;zone soutirage;;;;;
ALBERP6;POSTE 225kV N0 1 ALBERTVILLE;73011;Albertville;;< 5 MW;zone soutirage;;;;;
ALBERP7;POSTE 400kV N0 1 ALBERTVILLE;73011;Albertville;;< 5 MW;;;;;;
ALENCP4;POSTE 90kV N0 1 ALENCON;61117;Condé-sur-Sarthe;;< 5 MW;zone soutirage;;;;;
ALERIP4;POSTE 90kV N0 1 ALERIE;50298;Méautis;;< 5 MW;zone soutirage;;;;;
ALLAIP3;POSTE 63kV N0 1 ALLAIRE;56001;Allaire;;< 5 MW;zone soutirage;;;;;
ALLEMP3;POSTE 63kV N0 1 ALLEMENT;01303;Poncin;;< 5 MW;;;;;;
ALLEUP4;POSTE 90kV N0 1 ALLEUX (GRANDVILLIERS);60286;Grandvilliers;;< 5 MW;;;;;;
ALLIEP3;POSTE 63kV N0 1 ALLIERES;69037;Chambost-Allières;;< 5 MW;zone soutirage;;;;;
ALLINP3;POSTE 63kV N0 1 ALLINGES;74005;Allinges;;< 5 MW;zone soutirage;;;;;
ALLINP6;POSTE 225kV N0 1 ALLINGES;74005;Allinges;;< 5 MW;zone soutirage;;;;;
ALOUEP6;POSTE 225kV N0 1 ALOUETTES (LES);94033;Fontenay-sous-Bois;;< 5 MW;zone soutirage;;;;;
ALSACP6;POSTE 225kV N0 1 ALSACE;92026;Courbevoie;;< 5 MW;zone soutirage;;;;;
ALTKIP3;POSTE 63kV N0 1 ALTKIRCH;68062;Carspach;;< 5 MW;;;;;;
AMANVP3;POSTE 63kV N0 1 AMANVILLERS;57017;Amanvillers;;< 5 MW;;;;;;
AMARGP6;POSTE 225kV N0 1 AMARGUE;80724;Saleux;;< 5 MW;;;;;;
AMARIP3;POSTE 63kV N0 1 AMARIN;68292;Saint-Amarin;;< 5 MW;zone soutirage;;;;;
AMBE5P3;POSTE 63kV N0 1 AMBERT;63003;Ambert;;< 5 MW;zone soutirage;;;;;
AMBERP3;POSTE 63kV N0 1 AMBERIEU;01004;Ambérieu-en-Bugey;;< 5 MW;zone soutirage;;;;;
AMBONP3;POSTE 63kV N0 1 AMBON;56002;Ambon;;< 5 MW;zone soutirage;;;;;
AMELEP3;POSTE 63kV N0 1 AMELECOURT;57018;Amelécourt;;< 5 MW;;;;;;
AMIENP6;POSTE 225kV N0 1 AMIENS;80021;Amiens;;< 5 MW;;;;;;
AMILLP4;POSTE 90kV N0 1 AMILLY;45004;Amilly;;< 5 MW;zone injection PV;du 1er mai au 2 septembre inclus;;;;
AMNEVP6;POSTE 225kV N0 1 AMNEVILLE;57019;Amnéville;;< 5 MW;zone soutirage;;;;;
AMPE5P3;POSTE 63kV N0 1 AMPERE (VILLEFRANCHE-SUR-SAONE);69264;Villefranche-sur-Saône;;< 5 MW;zone soutirage;;;;;
AMPLEP3;POSTE 63kV N0 1 AMPLEPUIS;69006;Amplepuis;;< 5 MW;zone soutirage;;;;;
ANCENP4;POSTE 90kV N0 1 ANCENIS;44003;Ancenis-Saint-Géréon;;< 5 MW;;;;;;
ANCERP3;POSTE 63kV N0 1 ANCERVILLE;57718;Villers-Stoncourt;;< 5 MW;zone soutirage;;;;;
ANCIZP3;POSTE 63kV N0 1 ANCIZES (LES);63004;Les Ancizes-Comps;;< 5 MW;zone injection PV;du 1er mai au 2 septembre inclus;;;;
ANDE5P4;POSTE 90kV N0 1 ANDELYS (LES);27016;Les Andelys;;< 5 MW;zone soutirage;;;;;
ANDUZP3;POSTE 63kV N0 1 ANDUZE;30010;Anduze;;< 5 MW;zone soutirage;;;;;
ANGELP4;POSTE 90kV N0 1 ANGELIQUE;45146;La Ferté-Saint-Aubin;;< 5 MW;zone soutirage;;;;;
ANGERP4;POSTE 90kV N0 1 ANGERS;49007;Angers;;< 5 MW;zone soutirage;;;;;
ANGREP3;POSTE 63kV N0 1 ANGRESSE;40004;Angresse;;< 5 MW;zone soutirage;;;;;
ANNA P3;POSTE 63kV N0 1 ANNA;68166;Kingersheim;;< 5 MW;zone soutirage;;;;;
ANNAYP3;POSTE 63kV N0 1 ANNAY;89010;Annay-sur-Serein;;< 5 MW;zone injection PV;du 1er mai au 2 septembre inclus;;;;
ANNEMP3;POSTE 63kV N0 1 ANNEMASSE;74012;Annemasse;;< 5 MW;zone soutirage;;;;;
ANNEYP3;POSTE 63kV N0 1 ANNEYRON;26010;Anneyron;;< 5 MW;zone soutirage;;;;;
ANOULP3;POSTE 63kV N0 1 ANOULD;88009;Anould;;< 5 MW;zone soutirage;;;;;
ANOULP6;POSTE 225kV N0 1 ANOULD;88009;Anould;;< 5 MW;zone soutirage;;;;;
ANSERP6;POSTE 225kV N0 1 ANSEREUILLES (LES);59653;Wavrin;;< 5 MW;zone soutirage;;;;;
ANSTAP4;POSTE 90kV N0 1 ANSTAING;59013;Anstaing;;< 5 MW;zone soutirage;;;;;
ANTIBP6;POSTE 225kV N0 1 ANTIBES;06004;Antibes;;< 5 MW;zone soutirage;;;;;
ANTIFP4;POSTE 90kV N0 1 ANTIFER;76595;Saint-Jouin-Bruneval;;< 5 MW;;;;;;
AOSTEP3;POSTE 63kV N0 1 AOSTE;38012;Aoste;;< 5 MW;zone soutirage;;;;;
AOSTEP6;POSTE 225kV N0 1 AOSTE;38012;Aoste;;< 5 MW;zone soutirage;;;;;
APT  P3;POSTE 63kV N0 1 APT;84003;Apt;;< 5 MW;;;;;;
AQUEDP3;POSTE 63kV N0 1 AQUEDUCS (LES);91340;Lisses;;< 5 MW;zone soutirage;;;;;
AQUEDP6;POSTE 225kV N0 1 AQUEDUCS (LES);91340;Lisses;;< 5 MW;zone soutirage;;;;;
ARACHP3;POSTE 63kV N0 1 ARACHES;74014;Arâches-la-Frasse;;< 5 MW;zone soutirage;;;;;
ARBOIP3;POSTE 63kV N0 1 ARBOIS;39013;Arbois;;< 5 MW;zone soutirage;;;;;
ARC18P3;POSTE 63kV N0 1 ARC 1800;73054;Bourg-Saint-Maurice;;< 5 MW;zone soutirage;;;;;
ARCACP3;POSTE 63kV N0 1 ARCACHON;33009;Arcachon;;< 5 MW;;;;;;
ARCHIP4;POSTE 90kV N0 1 ARCHINGEAY;17017;Archingeay;;< 5 MW;zone soutirage;;;;;
ARCISP3;POSTE 63kV N0 1 ARCIS (-SUR-AUBE);10429;Villette-sur-Aube;;< 5 MW;;;;;;
ARDOIP3;POSTE 63kV N0 1 ARDOISE (L );30141;Laudun-l'Ardoise;;< 5 MW;;;;;;
ARDOIP6;POSTE 225kV N0 1 ARDOISE (L );30141;Laudun-l'Ardoise;;< 5 MW;;;;;;
ARENCP6;POSTE 225kV N0 1 ARENC;13055;Marseille;;< 5 MW;zone soutirage;;;;;
ARGE5P4;POSTE 90kV N0 1 ARGENTAT;19010;Argentat-sur-Dordogne;;< 5 MW;zone injection PV;du 1er mai au 2 septembre inclus;;;;
ARGE6P3;POSTE 63kV N0 1 ARGENTEUIL;95018;Argenteuil;;< 5 MW;zone soutirage;;;;;
ARGE6P6;POSTE 225kV N0 1 ARGENTEUIL;95018;Argenteuil;;< 5 MW;zone soutirage;;;;;
ARGE8P4;POSTE 90kV N0 1 ARGENTAN;61006;Argentan;;< 5 MW;zone soutirage;;;;;
ARGENP3;POSTE 63kV N0 1 ARGENTIERE (L);05006;L'Argentière-la-Bessée;;< 5 MW;;;;;;
ARGENP6;POSTE 225kV N0 1  ARGENTIERE (L);05006;L'Argentière-la-Bessée;;< 5 MW;;;;;;
ARGIAP3;POSTE 63kV N0 1 ARGIA (BAYONNE SUD);64558;Villefranque;;< 5 MW;zone soutirage;;;;;
ARGIAP6;POSTE 225kV N0 1 ARGIA (BAYONNE SUD);64558;Villefranque;;< 5 MW;zone soutirage;;;;;
ARGIAP7;POSTE 400kV N0 1 ARGIA (BAYONNE SUD);64558;Villefranque;;< 5 MW;;;;;;
ARGIEP3;POSTE 63kV N0 1 ARGIESANS;90004;Argiésans;;< 5 MW;zone soutirage;;;;;
ARGIEP6;POSTE 225kV N0 1 ARGIESANS;90004;Argiésans;;< 5 MW;zone soutirage;;;;;
ARGOEP4;POSTE 90kV N0 1 ARGOEUVES;80024;Argœuves;;< 5 MW;;;;;;
ARGOEP6;POSTE 225kV N0 1 ARGOEUVES;80024;Argœuves;;< 5 MW;;;;;;
ARGOEP7;POSTE 400kV N0 1 ARGOEUVES;80024;Argœuves;;< 5 MW;;;;;;
ARLANP3;POSTE 63kV N0 1 ARLANDE (L );73011;Albertville;;< 5 MW;zone soutirage;;;;;
ARLESP3;POSTE 63kV N0 1 ARLES;13004;Arles;;< 5 MW;;;;;;
ARLODP3;POSTE 63kV N0 1 ARLOD;01033;Valserhône;;< 5 MW;;;;;;
ARLY P3;POSTE 63kV N0 1 ARLY;73303;Ugine;;< 5 MW;zone soutirage;;;;;
ARNAGP4;POSTE 90kV N0 1 ARNAGE;72008;Arnage;;< 5 MW;zone soutirage;;;;;
ARNAGP6;POSTE 225kV N0 1 ARNAGE;72008;Arnage;;< 5 MW;zone soutirage;;;;;
ARPAJP4;POSTE 90kV N0 1 ARPAJON;91552;Saint-Germain-lès-Arpajon;;< 5 MW;zone soutirage;;;;;
ARPENP4;POSTE 90kV N0 1 ARPENTS (LES);28404;Vernouillet;;< 5 MW;zone soutirage;;;;;
ARPENP6;POSTE 225kV N0 1 ARPENTS (LES);28404;Vernouillet;;< 5 MW;zone soutirage;;;;;
ARRASP4;POSTE 90kV N0 1 ARRAS;62744;Sainte-Catherine;;< 5 MW;;;;;;
ARRIGP3;POSTE 63kV N0 1 ARRIGHI;94081;Vitry-sur-Seine;;< 5 MW;zone soutirage;;;;;
ARRIGP6;POSTE 225kV N0 1 ARRIGHI;94081;Vitry-sur-Seine;;< 5 MW;zone soutirage;;;;;
ARSOTP3;POSTE 63kV N0 1 ARSOT;90075;Offemont;;< 5 MW;zone soutirage;;;;;
ARUDYP3;POSTE 63kV N0 1 ARUDY;64062;Arudy;;< 5 MW;;;;;;
ARVERP4;POSTE 90kV N0 1 ARVERT;17021;Arvert;;< 5 MW;zone soutirage;;;;;
ARVIEP3;POSTE 63kV N0 1 ARVIEU;12011;Arvieu;;< 5 MW;zone injection PV;du 1er mai au 2 septembre inclus;;;;
ASASPP3;POSTE 63kV N0 1 ASASP;64064;Asasp-Arros;;< 5 MW;;;;;;
ASPR5P3;POSTE 63kV N0 1 ASPRES;66015;Banyuls-dels-Aspres;zone faisant l'objet de demandes;< 5 MW;zone injection PV;du 1er mai au 2 septembre inclus;gabarit en injection;50 MW;Baixas;210 MW
ASSIEP3;POSTE 63kV N0 1 ASSIER;46009;Assier;;< 5 MW;zone injection PV;du 1er mai au 2 septembre inclus;;;;
ASTURP6;POSTE 225kV N0 1 ASTURIES;59028;Auby;;< 5 MW;zone soutirage;;;;;
ATHELP3;POSTE 63kV N0 1 ATHELIA;13028;La Ciotat;;< 5 MW;;;;;;
ATTAQP4;POSTE 90kV N0 1 ATTAQUES (LES);62548;Marck;;< 5 MW;;;;;;
ATTAQP6;POSTE 225kV N0 1 ATTAQUES (LES);62548;Marck;;< 5 MW;;;;;;
ATTAQP7;POSTE 400kV N0 1 ATTAQUES (LES);62548;Marck;;< 5 MW;;;;;;
AUBAGP3;POSTE 63kV N0 1 AUBAGNE;13005;Aubagne;;< 5 MW;zone soutirage;;;;;
AUBE P4;POSTE 90kV N0 1 AUBE;61008;Aube;;< 5 MW;zone soutirage;;;;;
AUBE P6;POSTE 225kV N0 1 AUBE;61008;Aube;;< 5 MW;zone soutirage;;;;;
AUBE6P6;POSTE 225kV N0 1 AUBERVILLIERS;93001;Aubervilliers;;< 5 MW;zone soutirage;;;;;
AUBENP3;POSTE 63kV N0 1 AUBENAS;07019;Aubenas;;< 5 MW;;;;;;
AUBERP4;POSTE 90kV N0 1 AUBERVILLE;76476;Port-Jérôme-sur-Seine;;< 5 MW;;;;;;
AUBI5P3;POSTE 63kV N0 1 AUBIGNY;18015;Aubigny-sur-Nère;;< 5 MW;;;;;;
AUBIGP4;POSTE 90kV N0 1 AUBIGNE;49012;Aubigné-sur-Layon;;< 5 MW;;;;;;
AUBRIP3;POSTE 63kV N0 1 AUBRIVES;54580;Villerupt;;< 5 MW;;;;;;
AUBUSP3;POSTE 63kV N0 1 AUBUSSON;23008;Aubusson;;< 5 MW;zone injection PV;du 1er mai au 2 septembre inclus;;;;
AUBUSP6;POSTE 225kV N0 1 AUBUSSON;23008;Aubusson;;< 5 MW;zone injection PV;du 1er mai au 2 septembre inclus;;;;
AUCH P3;POSTE 63kV N0 1 AUCH(AUCH);32013;Auch;;< 5 MW;zone injection PV;du 1er mai au 2 septembre inclus;gabarit en injection;< 5 MW;Jalis;105 MW
AUDONP3;POSTE 63kV N0 1 AUDON;40018;Audon;;< 5 MW;zone soutirage;;;;;
AULNAP4;POSTE 90kV N0 1 AULNAY (-AUX-PLANCHES);51158;Val-des-Marais;;< 5 MW;;;;;;
AUMALP4;POSTE 90kV N0 1 AUMALE;76035;Aumale;;< 5 MW;;;;;;
AUMONP3;POSTE 63kV N0 1 AUMONE (L );74225;Rumilly;;< 5 MW;zone soutirage;;;;;
AUNEAP4;POSTE 90kV N0 1 AUNEAU;28317;Roinville;;< 5 MW;;;;;;
AURAYP3;POSTE 63kV N0 1 AURAY;56023;Brech;;< 5 MW;zone soutirage;;;;;
AUREEP3;POSTE 63kV N0 1 AURE;65031;Arreau;;< 5 MW;zone injection PV;du 1er mai au 2 septembre inclus;;;;
AUREEP6;POSTE 225kV N0 1 AURE;65031;Arreau;;< 5 MW;zone injection PV;du 1er mai au 2 septembre inclus;;;;
AUREIP3;POSTE 63kV N0 1 AUREILHAN;65047;Aureilhan;;< 5 MW;zone soutirage;;;;;
AURENP4;POSTE 90kV N0 1 AURENCE (L );87085;Limoges;;< 5 MW;;;;;;
AURI5P3;POSTE 63kV N0 1 AURIOL;13007;Auriol;;< 5 MW;zone soutirage;;;;;
AURIAP3;POSTE 63kV N0 1 AURIAC;64078;Auriac;;< 5 MW;zone soutirage;;;;;
AURILP4;POSTE 90kV N0 1 AURILLAC;15014;Aurillac;;< 5 MW;zone injection PV;du 1er mai au 2 septembre inclus;;;;
AUSSOP3;POSTE 63kV N0 1 AUSSOIS;73026;Avrieux;;< 5 MW;;;;;;
AUTERP3;POSTE 63kV N0 1 AUTERRIVE;64082;Auterrive;;< 5 MW;;;;;;
AUVILP4;POSTE 90kV N0 1 AUVILLIERS;45008;Artenay;;< 5 MW;;;;;;
AUXERP3;POSTE 63kV N0 1 AUXERRE;89024;Auxerre;;< 5 MW;zone injection PV;du 1er mai au 2 septembre inclus;;;;
AUXONP3;POSTE 63kV N0 1 AUXONNE;21038;Auxonne;;< 5 MW;zone soutirage;;;;;
AUZANP3;POSTE 63kV N0 1 AUZANCES;23013;Auzances;;< 5 MW;zone injection PV;du 1er mai au 2 septembre inclus;;;;
AUZATP3;POSTE 63kV N0 1 AUZAT;09030;Auzat;;< 5 MW;;;;;;
AVALLP3;POSTE 63kV N0 1 AVALLON;89025;Avallon;;< 5 MW;;;;;;
AVALLP6;POSTE 225kV N0 1 AVALLON;89025;Avallon;;< 5 MW;;;;;;
AVELIP6;POSTE 225kV N0 1 AVELIN;59034;Avelin;;< 5 MW;zone soutirage;;;;;
AVELIP7;POSTE 400kV N0 1 AVELIN;59034;Avelin;;< 5 MW;;;;;;
AVENIP6;POSTE 225kV N0 1 AVENIR;93008;Bobigny;;< 5 MW;zone soutirage;;;;;
AVIG5P3;POSTE 63kV N0 1 AVIGNONET;31037;Avignonet-Lauragais;;< 5 MW;zone injection PV;du 1er mai au 2 septembre inclus;gabarit en injection;< 5 MW;Issel;55 MW
AVIGNP3;POSTE 63kV N0 1 AVIGNON (POSTE);84007;Avignon;;< 5 MW;zone soutirage;;;;;
AVIGNP6;POSTE 225kV N0 1 AVIGNON (POSTE);84007;Avignon;;< 5 MW;zone soutirage;;;;;
AVIO5P4;POSTE 90kV N0 1 AVION;62065;Avion;;< 5 MW;;;;;;
AVOINP4;POSTE 90kV N0 1 AVOINE;37011;Avoine;;< 5 MW;;;;;;
AVOINP6;POSTE 225kV N0 1 AVOINE;37011;Avoine;;< 5 MW;;;;;;
AVRANP4;POSTE 90kV N0 1 AVRANCHES;50025;Avranches;;< 5 MW;zone soutirage;;;;;
AVRILP4;POSTE 90kV N0 1 AVRILLE;49015;Avrillé;;< 5 MW;zone soutirage;;;;;
AVRIMP3;POSTE 63kV N0 1 AVRIMA;54079;Blénod-lès-Pont-à-Mousson;;< 5 MW;;;;;;
AYDESP4;POSTE 90kV N0 1 AYDES (LES);45302;Saran;;< 5 MW;zone soutirage;;;;;
AYRESP6;POSTE 225kV N0 1 AYRES;12251;Saint-Victor-et-Melvieu;;< 5 MW;;;;;;
AYRESP7;POSTE 400kV N0 1 AYRES;12251;Saint-Victor-et-Melvieu;;< 5 MW;;;;;;
AYTREP4;POSTE 90kV N0 1 AYTRE;17028;Aytré;;< 5 MW;zone soutirage;;;;;
B.AIRP3;POSTE 63kV N0 1 BEL-AIR;12290;Vaureilles;;< 5 MW;zone injection PV;du 1er mai au 2 septembre inclus;;;;
B.ARCP3;POSTE 63kV N0 1 BOURBON-L ARCHAMBAULT;03036;Bourbon-l'Archambault;;< 5 MW;zone injection PV;du 1er mai au 2 septembre inclus;;;;
B.BAIP3;POSTE 63kV N0 1 BAINS-LES-BAINS;88029;La Vôge-les-Bains;;< 5 MW;;;;;;
B.BERP6;POSTE 225kV N0 1 BOIS-BERNARD;62148;Bois-Bernard;;< 5 MW;;;;;;
B.CARP6;POSTE 225kV N0 1 BROC-CARROS (LE);06033;Carros;;< 5 MW;zone soutirage;;;;;
B.CARP7;POSTE 400kV N0 1 BROC-CARROS (LE);06033;Carros;;< 5 MW;;;;;;
B.CEZP3;POSTE 63kV N0 1 BAGNOLS-SUR-CEZE;30342;Vénéjan;;< 5 MW;zone soutirage;;;;;
B.DAMP3;POSTE 63kV N0 1 BAUME-LES-DAMES;25047;Baume-les-Dames;;< 5 MW;;;;;;
B.DUCP3;POSTE 63kV N0 1 BAR-LE-DUC;55029;Bar-le-Duc;;< 5 MW;;;;;;
B.DURP4;POSTE 90kV N0 1 BOIS-DURAND;16090;Châteauneuf-sur-Charente;;< 5 MW;;;;;;
B.EPIP4;POSTE 90kV N0 1 BELLE-EPINE;35353;Vezin-le-Coquet;;< 5 MW;zone soutirage;;;;;
B.EPIP6;POSTE 225kV N0 1 BELLE-EPINE;35353;Vezin-le-Coquet;;< 5 MW;zone soutirage;;;;;
B.ETOP3;POSTE 63kV N0 1 BELLE-ETOILE;69199;Saint-Fons;;< 5 MW;;;;;;
B.GUIP4;POSTE 90kV N0 1 BOIS-GUILLAUME;76108;Bois-Guillaume;;< 5 MW;;;;;;
B.HAMP3;POSTE 63kV N0 1 BASSE-HAM;57287;Basse-Ham;;< 5 MW;zone soutirage;;;;;
B.HAMP6;POSTE 225kV N0 1 BASSE-HAM;57287;Basse-Ham;;< 5 MW;zone soutirage;;;;;
B.LOMP3;POSTE 63kV N0 1 BEAUMONT-DE-LOMAGNE;82013;Beaumont-de-Lomagne;;< 5 MW;zone soutirage;;;;;
B.MAIP6;POSTE 225kV N0 1 BELLE-DE-MAI;13055;Marseille;;< 5 MW;zone soutirage;;;;;
B.MONP3;POSTE 63kV N0 1 BEAUMONT-MONTEUX;26038;Beaumont-Monteux;;< 5 MW;zone injection PV;du 1er mai au 2 septembre inclus;;;;
B.MONP6;POSTE 225kV N0 1 BEAUMONT-MONTEUX;26038;Beaumont-Monteux;;< 5 MW;zone injection PV;du 1er mai au 2 septembre inclus;;;;
B.MONP7;POSTE 400kV N0 1 BEAUMONT-MONTEUX;26038;Beaumont-Monteux;;< 5 MW;;;;;;
B.RONP3;POSTE 63kV N0 1 BUISSON-ROND;73029;Barberaz;;< 5 MW;zone soutirage;;;;;
B.THOP4;POSTE 90kV N0 1 BARRE-THOMAS (LA);35238;Rennes;;< 5 MW;zone soutirage;;;;;
B.TOLP3;POSTE 63kV N0 1 BOIS-TOLLOT;01313;Prévessin-Moëns;;< 5 MW;zone soutirage;;;;;
B.TOLP7;POSTE 400kV N0 1 BOIS-TOLLOT;01313;Prévessin-Moëns;;< 5 MW;;;;;;
BACALP3;POSTE 63kV N0 1 BACALAN;33063;Bordeaux;;< 5 MW;zone soutirage;;;;;
BACALP6;POSTE 225kV N0 1 BACALAN;33063;Bordeaux;;< 5 MW;zone soutirage;;;;;
BACCHP4;POSTE 90kV N0 1 BACCHUS;50041;La Hague;;< 5 MW;zone soutirage;;;;;
BAGATP3;POSTE 63kV N0 1 BAGATELLE;11076;Castelnaudary;;< 5 MW;zone injection PV;du 1er mai au 2 septembre inclus;gabarit en injection;< 5 MW;Issel;55 MW
BAILLP4;POSTE 90kV N0 1 BAILLEUL;59043;Bailleul;;< 5 MW;;;;;;
BAIXAP3;POSTE 63kV N0 1 BAIXAS;66014;Baixas;;< 5 MW;zone injection PV;du 1er mai au 2 septembre inclus;;;;
BAIXAP6;POSTE 225kV N0 1 BAIXAS;66014;Baixas;zone faisant l'objet de demandes;< 5 MW;zone injection PV;du 1er mai au 2 septembre inclus;gabarit en injection;150 MW;Baixas;210 MW
BAIXAP7;POSTE 400kV N0 1 BAIXAS;66014;Baixas;;< 5 MW;;;;;;
BAJATP3;POSTE 63kV N0 1 BAJATIERE;38185;Grenoble;;< 5 MW;zone soutirage;;;;;
BALARP3;POSTE 63kV N0 1 BALARUC;34023;Balaruc-les-Bains;;< 5 MW;zone soutirage;;;;;
BALARP6;POSTE 225kV N0 1 BALARUC;34023;Balaruc-les-Bains;;< 5 MW;zone soutirage;;;;;
BALDIP3;POSTE 63kV N0 1 BALDI;34003;Agde;;< 5 MW;;;;;;
BALMAP3;POSTE 63kV N0 1 BALMA (POSTE);31044;Balma;;< 5 MW;;;;;;
BALMAP6;POSTE 225kV N0 1 BALMA (POSTE);31044;Balma;;< 5 MW;;;;;;
BANCAP3;POSTE 63kV N0 1 BANCAIRON;06042;Clans;;< 5 MW;zone soutirage;;;;;
BANCAP5;POSTE 150kV N0 1 BANCAIRON;06042;Clans;;< 5 MW;zone soutirage;;;;;
BARAGP3;POSTE 63kV N0 1 BARAGARRY;64188;Chéraute;;< 5 MW;;;;;;
BARALP3;POSTE 63kV N0 1 BARALET;64136;Borce;;< 5 MW;;;;;;
BARAQP3;POSTE 63kV N0 1 BARAQUEVILLE;12056;Baraqueville;;< 5 MW;;;;;;
BARBEP4;POSTE 90kV N0 1 BARBEZIEUX;16028;Barbezieux-Saint-Hilaire;;< 5 MW;zone soutirage;;;;;
BARBOP3;POSTE 63kV N0 1 BARBOTAN;32096;Cazaubon;;< 5 MW;;;;;;
BARBUP3;POSTE 63kV N0 1 BARBUISE;10291;Plessis-Barbuise;;< 5 MW;zone injection PV;du 1er mai au 2 septembre inclus;;;;
BARBUP6;POSTE 225kV N0 1 BARBUISE;10291;Plessis-Barbuise;;< 5 MW;zone injection PV;du 1er mai au 2 septembre inclus;;;;
BARCEP3;POSTE 63kV N0 1 BARCELONNETTE;04019;Barcelonnette;;< 5 MW;;;;;;
BARETP4;POSTE 90kV N0 1 BARETTES;76467;Néville;;< 5 MW;;;;;;
BARJAP6;POSTE 225kV N0 1 BARJAC;30029;Barjac;;< 5 MW;;;;;;
BARJOP3;POSTE 63kV N0 1 BARJOLS;83012;Barjols;;< 5 MW;;;;;;
BARLIP4;POSTE 90kV N0 1 BARLIN;62443;Hersin-Coupigny;;< 5 MW;;;;;;
BARNAP7;POSTE 400kV N0 1 BARNABOS;76086;Bertrimont;;< 5 MW;;;;;;
BARQUP6;POSTE 225kV N0 1 BARQUET;27040;Barquet;;< 5 MW;zone soutirage;;;;;
BARR6P3;POSTE 63kV N0 1 BARROIR;60463;Nogent-sur-Oise;;< 5 MW;zone soutirage;;;;;
BASCAP3;POSTE 63kV N0 1 BASCAT;40088;Dax;;< 5 MW;zone soutirage;;;;;
BASS6P3;POSTE 63kV N0 1 BASSIGNY;52353;Nogent;;< 5 MW;;;;;;
BASSEP3;POSTE 63kV N0 1 BASSENS;33032;Bassens;;< 5 MW;zone soutirage;;;;;
BAST5P3;POSTE 63kV N0 1 BASTIDONNE (LA);13005;Aubagne;;< 5 MW;zone soutirage;;;;;
BASTIP3;POSTE 63kV N0 1 BASTILLAC;65440;Tarbes;;< 5 MW;zone soutirage;;;;;
BASTIP5;POSTE 150kV N0 1 BASTILLAC;65440;Tarbes;;< 5 MW;zone soutirage;;;;;
BASTIP6;POSTE 225kV N0 1 BASTILLAC;65440;Tarbes;;< 5 MW;zone soutirage;;;;;
BATAVP4;POSTE 90kV N0 1 BATAVIA;62040;Arques;;< 5 MW;;;;;;
BATILP3;POSTE 63kV N0 1 BATILLY;54051;Batilly;;< 5 MW;;;;;;
BATZEP6;POSTE 225kV N0 1 BATZENDORF;67023;Batzendorf;;< 5 MW;zone soutirage;;;;;
BAUD P3;POSTE 63kV N0 1 BAUD;56010;Baud;;< 5 MW;zone soutirage;;;;;
BAUGEP4;POSTE 90kV N0 1 BAUGE;49018;Baugé-en-Anjou;;< 5 MW;zone soutirage;;;;;
BAULEP3;POSTE 63kV N0 1 BAULE (LA)(LA BAULE-ESCOUBLAC);44055;La Baule-Escoublac;;< 5 MW;zone soutirage;;;;;
BAYARP3;POSTE 63kV N0 1 BAYARD;52265;Bayard-sur-Marne;;< 5 MW;;;;;;
BAYETP3;POSTE 63kV N0 1 BAYET;03018;Bayet;;< 5 MW;zone injection PV;du 1er mai au 2 septembre inclus;;;;
BAYETP6;POSTE 225kV N0 1 BAYET;03018;Bayet;;< 5 MW;zone injection PV;du 1er mai au 2 septembre inclus;;;;
BAYETP7;POSTE 400kV N0 1 BAYET;03018;Bayet;;< 5 MW;;;;;;
BAYEUP4;POSTE 90kV N0 1 BAYEUX;14436;Monceaux-en-Bessin;;< 5 MW;;;;;;
BAYONP3;POSTE 63kV N0 1 BAYON;54054;Bayon;;< 5 MW;;;;;;
BAZANP3;POSTE 63kV N0 1 BAZANCOURT;51074;Boult-sur-Suippe;;< 5 MW;;;;;;
BAZASP3;POSTE 63kV N0 1 BAZAS;33036;Bazas;;< 5 MW;zone soutirage;;;;;
BAZEIP3;POSTE 63kV N0 1 BAZEILLES;08053;Bazeilles;;< 5 MW;;;;;;
BEC  P3;POSTE 63kV N0 1 BEC (LE);42044;Le Chambon-Feugerolles;;< 5 MW;zone soutirage;;;;;
BECHEP4;POSTE 90kV N0 1 BECHE;19148;Neuvic;;< 5 MW;zone injection PV;du 1er mai au 2 septembre inclus;;;;
BECQUP4;POSTE 90kV N0 1 BECQUE;59152;Comines;;< 5 MW;zone soutirage;;;;;
BEDARP3;POSTE 63kV N0 1 BEDARIEUX;34028;Bédarieux;;< 5 MW;;;;;;
BEDOUP3;POSTE 63kV N0 1 BEDOULE (LA);13085;Roquefort-la-Bédoule;;< 5 MW;zone soutirage;;;;;
BEGLEP3;POSTE 63kV N0 1 BEGLES;33039;Bègles;;< 5 MW;zone soutirage;;;;;
BELEMP3;POSTE 63kV N0 1 BELEM;09253;Sabarat;;< 5 MW;zone injection PV;du 1er mai au 2 septembre inclus;;;;
BELIEP3;POSTE 63kV N0 1 BELIET;33042;Belin-Béliet;;< 5 MW;;;;;;
BELLAP4;POSTE 90kV N0 1 BELLAC;87011;Bellac;;< 5 MW;;;;;;
BELLEP3;POSTE 63kV N0 1 BELLEY;01034;Belley;;< 5 MW;;;;;;
BELLIP3;POSTE 63kV N0 1 BELLIGNAT;01031;Bellignat;;< 5 MW;;;;;;
BELLOP6;POSTE 225kV N0 1 BELLOY-EN-FRANCE;95056;Belloy-en-France;;< 5 MW;zone soutirage;;;;;
BELNEP4;POSTE 90kV N0 1 BELNEUF;45284;Saint-Jean-de-Braye;;< 5 MW;zone soutirage;;;;;
BENAUP3;POSTE 63kV N0 1 BENAUGE;33063;Bordeaux;;< 5 MW;zone soutirage;;;;;
BENE5P4;POSTE 90kV N0 1 BENETIERE;49099;Cholet;;< 5 MW;zone soutirage;;;;;
BENETP4;POSTE 90kV N0 1 BENET;85020;Benet;;< 5 MW;;;;;;
BENODP3;POSTE 63kV N0 1 BENODET;29006;Bénodet;;< 5 MW;zone soutirage;;;;;
BEON P3;POSTE 63kV N0 1 BEON;21577;Saint-Usage;;< 5 MW;zone soutirage;;;;;
BERATP3;POSTE 63kV N0 1 BERAT;31065;Bérat;;< 5 MW;zone soutirage;;;;;
BERG5P3;POSTE 63kV N0 1 BERGERAC (DISTRIBUTEUR);24037;Bergerac;;< 5 MW;;;;;;
BERG9P3;POSTE 63kV N0 1 BERGE;40031;Bégaar;;< 5 MW;zone soutirage;;;;;
BERG9P6;POSTE 225kV N0 1 BERGE;40031;Bégaar;;< 5 MW;zone soutirage;;;;;
BERGHP3;POSTE 63kV N0 1 BERGHOLZ;57324;Hilbesheim;;< 5 MW;zone soutirage;;;;;
BERGHP6;POSTE 225kV N0 1 BERGHOLZ;57324;Hilbesheim;;< 5 MW;zone soutirage;;;;;
BERREP3;POSTE 63kV N0 1 BERRE;13081;Rognac;;< 5 MW;;;;;;
BERT5P6;POSTE 225kV N0 1 BERTHOLLET;94003;Arcueil;;< 5 MW;zone soutirage;;;;;
BERTHP3;POSTE 63kV N0 1 BERTHOLENE;12026;Bertholène;;< 5 MW;;;;;;
BERTRP3;POSTE 63kV N0 1 BERTRIC;24038;Bertric-Burée;;< 5 MW;zone soutirage;;;;;
BESS5P3;POSTE 63kV N0 1 BESSEY;42018;Bessey;;< 5 MW;zone soutirage;;;;;
BESSEP3;POSTE 63kV N0 1 BESSEGES;30037;Bessèges;;< 5 MW;zone soutirage;;;;;
BETHOP3;POSTE 63kV N0 1 BETHONCOURT;25057;Bethoncourt;;< 5 MW;;;;;;
BETTIP3;POSTE 63kV N0 1 BETTING;57073;Betting;;< 5 MW;zone soutirage;;;;;
BEUVRP4;POSTE 90kV N0 1 BEUVRY (LABOURSE);62480;Labourse;;< 5 MW;zone soutirage;;;;;
BEUVRP6;POSTE 225kV N0 1 BEUVRY (LABOURSE);62480;Labourse;;< 5 MW;zone soutirage;;;;;
BEVANP6;POSTE 225kV N0 1 BEVANGE;57582;Richemont;;< 5 MW;;;;;;
BEZ.EP6;POSTE 225kV N0 1 BEZIERS-EST;34032;Béziers;;< 5 MW;;;;;;
BEZAUP3;POSTE 63kV N0 1 BEZAUMONT;54072;Bezaumont;;< 5 MW;;;;;;
BEZAUP6;POSTE 225kV N0 1 BEZAUMONT;54072;Bezaumont;;< 5 MW;;;;;;
BEZAUP7;POSTE 400kV N0 1 BEZAUMONT;54072;Bezaumont;;< 5 MW;;;;;;
BEZONP3;POSTE 63kV N0 1 BEZON;56165;Ploërmel;;< 5 MW;;;;;;
BEZONP6;POSTE 225kV N0 1 BEZON;56165;Ploërmel;;< 5 MW;;;;;;
BIANCP6;POSTE 225kV N0 1 BIANCON;83133;Tanneron;;< 5 MW;zone soutirage;;;;;
BIANCP7;POSTE 400kV N0 1 BIANCON;83133;Tanneron;;< 5 MW;;;;;;
BIBERP3;POSTE 63kV N0 1 BIBERKIRCH;57680;Troisfontaines;;< 5 MW;;;;;;
BIGNAP3;POSTE 63kV N0 1 BIGNAN;56017;Bignan;;< 5 MW;;;;;;
BILLAP3;POSTE 63kV N0 1 BILLANCOURT;92012;Boulogne-Billancourt;;< 5 MW;zone soutirage;;;;;
BIOGEP3;POSTE 63kV N0 1 BIOGE;74308;Vinzier;;< 5 MW;zone soutirage;;;;;
BIRONP4;POSTE 90kV N0 1 BIRON;91200;Dourdan;;< 5 MW;zone soutirage;;;;;
BISSOP3;POSTE 63kV N0 1 BISSORTE;73194;Orelle;;< 5 MW;;;;;;
BISSYP3;POSTE 63kV N0 1 BISSY;73065;Chambéry;;< 5 MW;zone soutirage;;;;;
BISSYP6;POSTE 225kV N0 1 BISSY;73065;Chambéry;;< 5 MW;zone soutirage;;;;;
BIZANP3;POSTE 63kV N0 1 BIZANOS;64445;Pau;;< 5 MW;zone soutirage;;;;;
BIZETP4;POSTE 90kV N0 1 BIZETTE;45234;Orléans;;< 5 MW;zone soutirage;;;;;
BLAINP3;POSTE 63kV N0 1 BLAIN;44015;Blain;;< 5 MW;zone soutirage;;;;;
BLANCP4;POSTE 90kV N0 1 BLANCHARDIERE;49099;Cholet;;< 5 MW;zone soutirage;;;;;
BLANZP3;POSTE 63kV N0 1 BLANZY;71040;Blanzy;;< 5 MW;zone soutirage;;;;;
BLARIP4;POSTE 90kV N0 1 BLARINGHEM;59084;Blaringhem;;< 5 MW;;;;;;
BLAVOP3;POSTE 63kV N0 1 BLAVOZY;43190;Saint-Germain-Laprade;;< 5 MW;zone soutirage;;;;;
BLEREP4;POSTE 90kV N0 1 BLERE;37027;Bléré;;< 5 MW;zone soutirage;;;;;
BLEVIP4;POSTE 90kV N0 1 BLEVILLE;76351;Le Havre;;< 5 MW;;;;;;
BLO.NP4;POSTE 90kV N0 1 BLOIS-NORD;41018;Blois;;< 5 MW;zone soutirage;;;;;
BLOCAP4;POSTE 90kV N0 1 BLOCAUX;80375;Gauville;;< 5 MW;;;;;;
BLOCAP6;POSTE 225kV N0 1 BLOCAUX;80375;Gauville;;< 5 MW;;;;;;
BLOTTP3;POSTE 63kV N0 1 BLOTTEREAU;44109;Nantes;;< 5 MW;zone soutirage;;;;;
BOCAGP4;POSTE 90kV N0 1 BOCAGE;14752;Villers-Bocage;;< 5 MW;;;;;;
BOCCAP3;POSTE 63kV N0 1 BOCCA (LA);06029;Cannes;;< 5 MW;zone soutirage;;;;;
BOCCAP6;POSTE 225kV N0 1 BOCCA (LA);06029;Cannes;;< 5 MW;zone soutirage;;;;;
BOCTOP7;POSTE 400kV N0 1 BOCTOIS;10268;Nogent-sur-Seine;;< 5 MW;;;;;;
BOGNYP3;POSTE 63kV N0 1 BOGNY;08081;Bogny-sur-Meuse;;< 5 MW;zone soutirage;;;;;
BOHAIP3;POSTE 63kV N0 1 BOHAIN;02095;Bohain-en-Vermandois;;< 5 MW;;;;;;
BOIS5P4;POSTE 90kV N0 1 BOISSEUIL;17359;Saint-Mard;;< 5 MW;;;;;;
BOISSP3;POSTE 63kV N0 1 BOISSE (LA);01049;La Boisse;;< 5 MW;zone soutirage;;;;;
BOISSP6;POSTE 225kV N0 1 BOISSE (LA);01049;La Boisse;;< 5 MW;zone soutirage;;;;;
BOISSP7;POSTE 400kV N0 1 BOISSE (LA);01049;La Boisse;;< 5 MW;;;;;;
BOLL5P3;POSTE 63kV N0 1 BOLLENE;84019;Bollène;;< 5 MW;zone soutirage;;;;;
BOLL5P6;POSTE 225kV N0 1 BOLLENE;84019;Bollène;;< 5 MW;zone soutirage;;;;;
BONN6P4;POSTE 90kV N0 1 BONNEAU;86194;Poitiers;;< 5 MW;zone soutirage;;;;;
BONN6P6;POSTE 225kV N0 1 BONNEAU;86194;Poitiers;;< 5 MW;zone soutirage;;;;;
BONN7P4;POSTE 90kV N0 1 BONNEVAL;28051;Bonneval;;< 5 MW;;;;;;
BONN8P3;POSTE 63kV N0 1 BONNEVILLE;74042;Bonneville;;< 5 MW;zone soutirage;;;;;
BONNIP4;POSTE 90kV N0 1 BONNIERES;78089;Bonnières-sur-Seine;;< 5 MW;zone soutirage;;;;;
BONNIP6;POSTE 225kV N0 1 BONNIERES;78089;Bonnières-sur-Seine;;< 5 MW;zone soutirage;;;;;
BOOS P4;POSTE 90kV N0 1 BOOS;76116;Boos;;< 5 MW;zone soutirage;;;;;
BOR.CP6;POSTE 225kV N0 1 BORDEAUX-CENTRE;33063;Bordeaux;;< 5 MW;zone soutirage;;;;;
BORD5P3;POSTE 63kV N0 1 BORDES;09062;Bordes-Uchentein;;< 5 MW;zone injection PV;du 1er mai au 2 septembre inclus;;;;
BORDEP3;POSTE 63kV N0 1 BORDERES;65031;Arreau;;< 5 MW;zone injection PV;du 1er mai au 2 septembre inclus;;;;
BORDIP3;POSTE 63kV N0 1 BORDIERES;31381;Montgiscard;;< 5 MW;zone soutirage;;;;;
BORLYP3;POSTE 63kV N0 1 BORLY;74094;Cranves-Sales;;< 5 MW;;;;;;
BOSCHP6;POSTE 225kV N0 1 BOSCHERVILLE;27105;Grand Bourgtheroulde;;< 5 MW;zone soutirage;;;;;
BOUBLP3;POSTE 63kV N0 1 BOUBLE (LA);63338;Saint-Éloy-les-Mines;;< 5 MW;zone injection PV;du 1er mai au 2 septembre inclus;;;;
BOUCEP4;POSTE 90kV N0 1 BOUCEY;50410;Pontorson;;< 5 MW;zone soutirage;;;;;
BOUDEP3;POSTE 63kV N0 1 BOUDEYRE;07122;Lachapelle-sous-Aubenas;;< 5 MW;;;;;;
BOUDEP6;POSTE 225kV N0 1 BOUDEYRE;07122;Lachapelle-sous-Aubenas;;< 5 MW;;;;;;
BOUE P3;POSTE 63kV N0 1 BOUE;02103;Boué;;< 5 MW;;;;;;
BOUFFP4;POSTE 90kV N0 1 BOUFFERE;85146;Montaigu-Vendée;;< 5 MW;zone soutirage;;;;;
BOULAP3;POSTE 63kV N0 1 BOULAY;57097;Boulay-Moselle;;< 5 MW;;;;;;
BOULBP3;POSTE 63kV N0 1 BOULBONNE;31145;Cintegabelle;;< 5 MW;zone injection PV;du 1er mai au 2 septembre inclus;;;;
BOULEP6;POSTE 225kV N0 1 BOULE (LA);92050;Nanterre;;< 5 MW;zone soutirage;;;;;
BOULIP3;POSTE 63kV N0 1 BOULIEU;07010;Annonay;;< 5 MW;zone soutirage;;;;;
BOUS5P3;POSTE 63kV N0 1 BOUSSAC;23032;Boussac-Bourg;;< 5 MW;zone injection PV;du 1er mai au 2 septembre inclus;;;;
BOUTRP6;POSTE 225kV N0 1 BOUTRE;83150;Vinon-sur-Verdon;;< 5 MW;zone injection PV;du 1er mai au 2 septembre inclus;;;;
BOUTRP7;POSTE 400kV N0 1 BOUTRE;83150;Vinon-sur-Verdon;;< 5 MW;;;;;;
BOUZOP3;POSTE 63kV N0 1 BOUZONVILLE;57106;Bouzonville;;< 5 MW;zone soutirage;;;;;
BOZELP3;POSTE 63kV N0 1 BOZEL;73055;Bozel;;< 5 MW;zone soutirage;;;;;
BRABOP3;POSTE 63kV N0 1 BRABOIS;54123;Chavigny;;< 5 MW;zone soutirage;;;;;
BRADAP4;POSTE 90kV N0 1 BRADASCOU (LE);19276;Uzerche;;< 5 MW;;;;;;
BRAINP3;POSTE 63kV N0 1 BRAINS;44024;Brains;;< 5 MW;;;;;;
BRANTP3;POSTE 63kV N0 1 BRANTOME;24064;Brantôme en Périgord;;< 5 MW;zone soutirage;;;;;
BRAUDP7;POSTE 400kV N0 1 BRAUD;33073;Braud-et-Saint-Louis;;< 5 MW;;;;;;
BRE.RP3;POSTE 63kV N0 1 BREST RADE;29019;Brest;;< 5 MW;;;;;;
BREILP3;POSTE 63kV N0 1 BREIL-SUR-ROYA;06023;Breil-sur-Roya;;< 5 MW;;;;;;
BREN5P3;POSTE 63kV N0 1 BRENS;81038;Brens;;< 5 MW;zone injection PV;du 1er mai au 2 septembre inclus;;;;
BREN5P6;POSTE 225kV N0 1 BRENS;81038;Brens;;< 5 MW;zone injection PV;du 1er mai au 2 septembre inclus;;;;
BRENNP3;POSTE 63kV N0 1 BRENNILIS;29018;Brennilis;;< 5 MW;;;;;;
BRENNP6;POSTE 225kV N0 1 BRENNILIS;29018;Brennilis;;< 5 MW;;;;;;
BRESSP4;POSTE 90kV N0 1 BRESSUIRE;79049;Bressuire;;< 5 MW;zone injection PV;du 1er mai au 2 septembre inclus;gabarit en injection;< 5 MW;Airvault;55 MW
BRET5P3;POSTE 63kV N0 1 BRETEUIL;60104;Breteuil;;< 5 MW;;;;;;
BRETAP3;POSTE 63kV N0 1 BRETAGNE;32064;Bretagne-d'Armagnac;;< 5 MW;;;;;;
BREUIP6;POSTE 225kV N0 1 BREUIL (LE);19264;Soursac;;< 5 MW;;;;;;
BREUIP7;POSTE 400kV N0 1 BREUIL (LE);19264;Soursac;;< 5 MW;;;;;;
BREVIP3;POSTE 63kV N0 1 BREVIERES (LES);73296;Tignes;;< 5 MW;;;;;;
BREVIP6;POSTE 225kV N0 1 BREVIERES (LES);73296;Tignes;;< 5 MW;;;;;;
BRIANP3;POSTE 63kV N0 1 BRIANCON;05183;Villar-Saint-Pancrace;;< 5 MW;;;;;;
BRIARP4;POSTE 90kV N0 1 BRIARE;45053;Briare;;< 5 MW;;;;;;
BRICHP3;POSTE 63kV N0 1 BRICHE (LA);93066;Saint-Denis;;< 5 MW;zone soutirage;;;;;
BRIENP3;POSTE 63kV N0 1 BRIENNE;10345;Saint-Léger-sous-Brienne;;< 5 MW;;;;;;
BRILLP3;POSTE 63kV N0 1 BRILLANNE (LA);04242;Villeneuve;;< 5 MW;zone injection PV;du 1er mai au 2 septembre inclus;;;;
BRIOUP3;POSTE 63kV N0 1 BRIOUDE;43040;Brioude;;< 5 MW;zone injection PV;du 1er mai au 2 septembre inclus;;;;
BRIS P4;POSTE 90kV N0 1 BRIS;17313;Saint-Bris-des-Bois;;< 5 MW;;;;;;
BRIVEP3;POSTE 63kV N0 1 BRIVET;44103;Montoir-de-Bretagne;;< 5 MW;zone soutirage;;;;;
BROTTP3;POSTE 63kV N0 1 BROTTEAUX;69123;Lyon;;< 5 MW;zone soutirage;;;;;
BROU P3;POSTE 63kV N0 1 BROU (BOURG-EN-BRESSE);01053;Bourg-en-Bresse;;< 5 MW;zone soutirage;;;;;
BROU5P4;POSTE 90kV N0 1 BROU;28061;Brou;;< 5 MW;;;;;;
BROUSP3;POSTE 63kV N0 1 BROUSSEVAL;52079;Brousseval;;< 5 MW;;;;;;
BROUZP3;POSTE 63kV N0 1 BROUZEN;30007;Alès;;< 5 MW;zone soutirage;;;;;
BRUCHP3;POSTE 63kV N0 1 BRUCH;47041;Bruch;;< 5 MW;;;;;;
BRUGEP3;POSTE 63kV N0 1 BRUGES;33162;Eysines;;< 5 MW;zone soutirage;;;;;
BRUGEP6;POSTE 225kV N0 1 BRUGES;33162;Eysines;;< 5 MW;zone soutirage;;;;;
BRUNEP3;POSTE 63kV N0 1 BRUNET;83137;Toulon;;< 5 MW;zone soutirage;;;;;
BRUZ P4;POSTE 90kV N0 1 BRUZ;35047;Bruz;;< 5 MW;zone soutirage;;;;;
BUGELP4;POSTE 90kV N0 1 BUGELLERIE;86194;Poitiers;;< 5 MW;zone soutirage;;;;;
BUIREP3;POSTE 63kV N0 1 BUIRE;02544;Neuve-Maison;;< 5 MW;;;;;;
BUIREP6;POSTE 225kV N0 1 BUIRE;02544;Neuve-Maison;;< 5 MW;;;;;;
BUIS P4;POSTE 90kV N0 1 BUIS (LES);18207;Saint-Florent-sur-Cher;;< 5 MW;zone injection PV;du 1er mai au 2 septembre inclus;;;;
BUQUEP4;POSTE 90kV N0 1 BUQUET;76334;Gueures;;< 5 MW;;;;;;
BURCIP3;POSTE 63kV N0 1 BURCIN;38065;Châbons;;< 5 MW;zone soutirage;;;;;
BUSSIP3;POSTE 63kV N0 1 BUSSIERES;42029;Bussières;;< 5 MW;zone soutirage;;;;;
BUSSUP6;POSTE 225kV N0 1 BUSSUREL;70285;Héricourt;;< 5 MW;zone soutirage;;;;;
BUTTAP4;POSTE 90kV N0 1 BUTTAVENT;53219;Saint-Georges-Buttavent;;< 5 MW;;;;;;
BUTTEP4;POSTE 90kV N0 1 BUTTE;35072;Châtillon-en-Vendelais;;< 5 MW;zone soutirage;;;;;
BUZANP4;POSTE 90kV N0 1 BUZANCAIS;36031;Buzançais;;< 5 MW;;;;;;
BVIL5P3;POSTE 63kV N0 1 BELLEVILLE (LE PLESSIS-BELLEVILLE);60500;Le Plessis-Belleville;;< 5 MW;;;;;;
BVUE P3;POSTE 63kV N0 1 BELLEVUE;43026;Bellevue-la-Montagne;;< 5 MW;zone soutirage;;;;;
BXBREP4;POSTE 90kV N0 1 BEAUBREUIL;87085;Limoges;;< 5 MW;;;;;;
BXCH5P4;POSTE 90kV N0 1 BEAUCHAMPS;80063;Beauchamps;;< 5 MW;;;;;;
BXCH5P6;POSTE 225kV N0 1 BEAUCHAMPS;80063;Beauchamps;;< 5 MW;;;;;;
BXCO5P4;POSTE 90kV N0 1 BEAUCOURSIERE (LA);17093;Le Château-d'Oléron;;< 5 MW;zone soutirage;;;;;
BXCOUP4;POSTE 90kV N0 1 BEAUCOUZE;49020;Beaucouzé;;< 5 MW;zone soutirage;;;;;
BXCOUP6;POSTE 225kV N0 1 BEAUCOUZE;49020;Beaucouzé;;< 5 MW;zone soutirage;;;;;
BXGENP4;POSTE 90kV N0 1 BEAUGENCY;45028;Beaugency;;< 5 MW;zone soutirage;;;;;
BXLIEP4;POSTE 90kV N0 1 BEAULIEU;17291;Puilboreau;;< 5 MW;zone soutirage;;;;;
BXLIEP6;POSTE 225kV N0 1 BEAULIEU;17291;Puilboreau;;< 5 MW;zone soutirage;;;;;
BXMETP3;POSTE 63kV N0 1 BEAUMETTES (LES);84013;Beaumettes;;< 5 MW;;;;;;
BXNE P3;POSTE 63kV N0 1 BEAUNE;21590;Savigny-lès-Beaune;;< 5 MW;zone soutirage;;;;;
BXPUYP4;POSTE 90kV N0 1 BEAUPUY;85093;Fougeré;;< 5 MW;zone soutirage;;;;;
BXRE5P3;POSTE 63kV N0 1 BEAUREGARD (THIONVILLE);57672;Thionville;;< 5 MW;zone soutirage;;;;;
BXREGP4;POSTE 90kV N0 1 BEAUREGARD (BRIVE-LA-GAILLARDE);19031;Brive-la-Gaillarde;;< 5 MW;;;;;;
BXREPP3;POSTE 63kV N0 1 BEAUREPAIRE;38034;Beaurepaire;;< 5 MW;zone soutirage;;;;;
BXSOLP3;POSTE 63kV N0 1 BEAUSOLEIL;06012;Beausoleil;;< 5 MW;zone soutirage;;;;;
BXTO5P3;POSTE 63kV N0 1 BEAUTOR (POSTE);02738;Tergnier;;< 5 MW;;;;;;
BXTO5P6;POSTE 225kV N0 1 BEAUTOR (POSTE);02738;Tergnier;;< 5 MW;;;;;;
BXVALP3;POSTE 63kV N0 1 BEAUVAL;77284;Meaux;;< 5 MW;zone soutirage;;;;;
BXVO5P4;POSTE 90kV N0 1 BEAUVOIR (BEAUVOIR-SUR-MER);85018;Beauvoir-sur-Mer;;< 5 MW;;;;;;
BZBELP4;POSTE 90kV N0 1 BOURBEL;76460;Nesle-Normandeuse;;< 5 MW;;;;;;
BZGAYP4;POSTE 90kV N0 1 BOURGAY;76245;Eslettes;;< 5 MW;;;;;;
BZGETP6;POSTE 225kV N0 1 BOURGET (LE);93013;Le Bourget;;< 5 MW;zone soutirage;;;;;
BZGUIP3;POSTE 63kV N0 1 BOURGUIGNON;25082;Bourguignon;;< 5 MW;zone soutirage;;;;;
BZGUIP6;POSTE 225kV N0 1 BOURGUIGNON;25082;Bourguignon;;< 5 MW;zone soutirage;;;;;
C.ANDP3;POSTE 63kV N0 1 COTE-ST-ANDRE (LA);38130;La Côte-Saint-André;;< 5 MW;zone soutirage;;;;;
C.BARP3;POSTE 63kV N0 1 CHAPELLE DU BARD (LA);38078;La Chapelle-du-Bard;;< 5 MW;zone soutirage;;;;;
C.BOIP3;POSTE 63kV N0 1 CLICHY-SOUS-BOIS;93014;Clichy-sous-Bois;;< 5 MW;zone soutirage;;;;;
C.CHAP3;POSTE 63kV N0 1 CHAPELLE-DU-CHATELARD(LA);01085;La Chapelle-du-Châtelard;;< 5 MW;zone soutirage;;;;;
C.CHIP3;POSTE 63kV N0 1 CHATEAU-CHINON;58062;Château-Chinon (Ville);;< 5 MW;zone soutirage;;;;;
C.DENP4;POSTE 90kV N0 1 CHAMPDENIERS-ST-DENIS;79104;Cours;;< 5 MW;;;;;;
C.FO6P3;POSTE 63kV N0 1 CAILLOUX-SUR-FONTAINES;69033;Cailloux-sur-Fontaines;;< 5 MW;zone soutirage;;;;;
C.FO6P6;POSTE 225kV N0 1 CAILLOUX-SUR-FONTAINES;69033;Cailloux-sur-Fontaines;;< 5 MW;zone soutirage;;;;;
C.FONP4;POSTE 90kV N0 1 CLAIRE-FONTAINE;72181;Le Mans;;< 5 MW;zone soutirage;;;;;
C.FONP6;POSTE 225kV N0 1 CLAIRE-FONTAINE;72181;Le Mans;;< 5 MW;zone soutirage;;;;;
C.FOUP3;POSTE 63kV N0 1 CHAMP-FOURNIER;71295;Mervans;;< 5 MW;zone soutirage;;;;;
C.GEAP3;POSTE 63kV N0 1 CHAMP-DU-GEAI;42207;Saint-Chamond;;< 5 MW;;;;;;
C.GIBP3;POSTE 63kV N0 1 CROIX GIBAT (LA);22360;Trégueux;;< 5 MW;;;;;;
C.GOMP6;POSTE 225kV N0 1 CHATEAU-GOMBERT;13055;Marseille;;< 5 MW;zone soutirage;;;;;
C.GONP4;POSTE 90kV N0 1 CHATEAU-GONTIER;53101;Fromentières;;< 5 MW;zone soutirage;;;;;
C.HERP3;POSTE 63kV N0 1 CLERMONT-L HERAULT;34079;Clermont-l'Hérault;;< 5 MW;;;;;;
C.HUIP4;POSTE 90kV N0 1 CONDE-SUR-HUISNE;61116;Sablons sur Huisne;;< 5 MW;;;;;;
C.LAFP4;POSTE 90kV N0 1 CHARLES-LAFFITTE;76351;Le Havre;;< 5 MW;;;;;;
C.LANP3;POSTE 63kV N0 1 CHAMPIGNY-LES-LANGRES;52102;Champigny-lès-Langres;;< 5 MW;;;;;;
C.LEOP3;POSTE 63kV N0 1 CROIX-LEONARD;71543;Tournus;;< 5 MW;zone soutirage;;;;;
C.LO5P4;POSTE 90kV N0 1 CHATEAU-DU-LOIR;72173;Luceau;;< 5 MW;zone soutirage;;;;;
C.LO6P3;POSTE 63kV N0 1 CHARITE-SUR-LOIRE (LA);58059;La Charité-sur-Loire;;< 5 MW;zone soutirage;;;;;
C.LOIP4;POSTE 90kV N0 1 CHATEAUNEUF-SUR-LOIRE;45082;Châteauneuf-sur-Loire;;< 5 MW;zone soutirage;;;;;
C.MERP6;POSTE 225kV N0 1 CAGNES-SUR-MER;06027;Cagnes-sur-Mer;;< 5 MW;zone soutirage;;;;;
C.METP3;POSTE 63kV N0 1 CROIX-DE-METZ;54528;Toul;;< 5 MW;;;;;;
C.METP6;POSTE 225kV N0 1 CROIX-DE-METZ;54528;Toul;;< 5 MW;;;;;;
C.NEYP3;POSTE 63kV N0 1 CROIX-DE-NEYRAT;63113;Clermont-Ferrand;;< 5 MW;zone soutirage;;;;;
C.ORBP6;POSTE 225kV N0 1 CONQUES-SUR-ORBIEL;11099;Conques-sur-Orbiel;;< 5 MW;;;;;;
C.REAP4;POSTE 90kV N0 1 CHAPELLE-REANVILLE (LA);27539;Saint-Étienne-sous-Bailleul;;< 5 MW;zone soutirage;;;;;
C.REGP3;POSTE 63kV N0 1 CHAMPS-REGNAUD;21231;Dijon;;< 5 MW;zone soutirage;;;;;
C.REGP6;POSTE 225kV N0 1 CHAMPS-REGNAUD;21231;Dijon;;< 5 MW;zone soutirage;;;;;
C.RENP4;POSTE 90kV N0 1 CHATEAU-RENAULT;37169;Neuville-sur-Brenne;;< 5 MW;zone soutirage;;;;;
C.RHOP3;POSTE 63kV N0 1 CHATEAUNEUF-DU-RHONE;26085;Châteauneuf-du-Rhône;;< 5 MW;;;;;;
C.RHOP6;POSTE 225kV N0 1 CHATEAUNEUF-DU-RHONE;26085;Châteauneuf-du-Rhône;;< 5 MW;;;;;;
C.ROIP3;POSTE 63kV N0 1 CHOISY-LE-ROI;94022;Choisy-le-Roi;;< 5 MW;zone soutirage;;;;;
C.ROUP6;POSTE 225kV N0 1 CROIX-ROUSSE;69123;Lyon;;< 5 MW;;;;;;
C.SAUP3;POSTE 63kV N0 1 CHEVIGNY-ST-SAUVEUR;21171;Chevigny-Saint-Sauveur;;< 5 MW;zone soutirage;;;;;
C.SEIP3;POSTE 63kV N0 1 CHATILLON-SUR-SEINE;21154;Châtillon-sur-Seine;;< 5 MW;;;;;;
CABA5P3;POSTE 63kV N0 1 CABANES;11144;Fitou;;< 5 MW;zone injection PV;du 1er mai au 2 septembre inclus;;;;
CABESP3;POSTE 63kV N0 1 CABESTANY;66028;Cabestany;;< 5 MW;zone soutirage;;;;;
CABRIP6;POSTE 225kV N0 1 CABRIES;13019;Cabriès;;< 5 MW;zone soutirage;;;;;
CAEN P6;POSTE 225kV N0 1 CAEN;14118;Caen;;< 5 MW;zone soutirage;;;;;
CAHORP3;POSTE 63kV N0 1 CAHORS;46042;Cahors;;< 5 MW;zone injection PV;du 1er mai au 2 septembre inclus;;;;
CAIL5P6;POSTE 225kV N0 1 CAILLOLS;13055;Marseille;;< 5 MW;zone soutirage;;;;;
CAJARP3;POSTE 63kV N0 1 CAJARC;46045;Cajarc;;< 5 MW;zone injection PV;du 1er mai au 2 septembre inclus;;;;
CALA5P6;POSTE 225kV N0 1 CALAN;56029;Calan;;< 5 MW;;;;;;
CALA5P7;POSTE 400kV N0 1 CALAN;56029;Calan;;< 5 MW;;;;;;
CALAIP4;POSTE 90kV N0 1 CALAIS;62193;Calais;;< 5 MW;;;;;;
CAMBOP4;POSTE 90kV N0 1 CAMBOLLE;27282;Gauville-la-Campagne;;< 5 MW;zone soutirage;;;;;
CAMONP3;POSTE 63kV N0 1 CAMON;31247;Labarthe-Rivière;;< 5 MW;zone injection PV;du 1er mai au 2 septembre inclus;;;;
CAMPEP4;POSTE 90kV N0 1 CAMPEAUX (LES);76057;Barentin;;< 5 MW;;;;;;
CANCOP3;POSTE 63kV N0 1 CANCON;47048;Cancon;;< 5 MW;zone injection PV;du 1er mai au 2 septembre inclus;;;;
CANETP3;POSTE 63kV N0 1 CANET;66037;Canet-en-Roussillon;;< 5 MW;zone soutirage;;;;;
CANNEP3;POSTE 63kV N0 1 CANNES;06029;Cannes;;< 5 MW;;;;;;
CANTEP3;POSTE 63kV N0 1 CANTEGRIT;40197;Morcenx-la-Nouvelle;zone faisant l'objet de demandes;< 5 MW;zone injection PV;du 1er mai au 2 septembre inclus;gabarit en injection;50 MW;Cantegrit;210 MW
CANTEP6;POSTE 225kV N0 1 CANTEGRIT;40197;Morcenx-la-Nouvelle;zone faisant l'objet de demandes;< 5 MW;zone injection PV;du 1er mai au 2 septembre inclus;gabarit en injection;200 MW;Cantegrit;210 MW
CANTEP7;POSTE 400kV N0 1 CANTEGRIT;40197;Morcenx-la-Nouvelle;;< 5 MW;;;;;;
CAPELP3;POSTE 63kV N0 1 CAPELLE (LA);02141;La Capelle;;< 5 MW;;;;;;
CAPELP6;POSTE 225kV N0 1 CAPELLE (LA);02141;La Capelle;;< 5 MW;;;;;;
CAPELP7;POSTE 400kV N0 1 CAPELLE (LA);02141;La Capelle;;< 5 MW;;;;;;
CARBOP3;POSTE 63kV N0 1 CARBONNE;31107;Carbonne;;< 5 MW;zone soutirage;;;;;
CARHAP3;POSTE 63kV N0 1 CARHAIX;29024;Carhaix-Plouguer;;< 5 MW;;;;;;
CARNOP3;POSTE 63kV N0 1 CARNOULES;83033;Carnoules;;< 5 MW;zone soutirage;;;;;
CARP5P4;POSTE 90kV N0 1 CARPENTIER;50425;Rauville-la-Bigot;;< 5 MW;zone soutirage;;;;;
CARPEP3;POSTE 63kV N0 1 CARPENTRAS;84031;Carpentras;;< 5 MW;zone soutirage;;;;;
CARQ5P3;POSTE 63kV N0 1 CARQUEFOU;44026;Carquefou;;< 5 MW;zone soutirage;;;;;
CARQUP3;POSTE 63kV N0 1 CARQUEIRANNE;83034;Carqueiranne;;< 5 MW;zone soutirage;;;;;
CARRIP3;POSTE 63kV N0 1 CARRIERES;60635;Thiverny;;< 5 MW;zone soutirage;;;;;
CARRIP6;POSTE 225kV N0 1 CARRIERES;60635;Thiverny;;< 5 MW;zone soutirage;;;;;
CARVIP4;POSTE 90kV N0 1 CARVIN;62215;Carvin;;< 5 MW;;;;;;
CAS.SP3;POSTE 63kV N0 1 CASTRES-SUD;81065;Castres;;< 5 MW;;;;;;
CASSEP4;POSTE 90kV N0 1 CASSEAUX (LES);87085;Limoges;;< 5 MW;;;;;;
CATEAP3;POSTE 63kV N0 1 CATEAU (LE);59136;Le Cateau-Cambrésis;;< 5 MW;;;;;;
CAUDIP4;POSTE 90kV N0 1 CAUDIERE;62108;Berck;;< 5 MW;;;;;;
CAUMOP4;POSTE 90kV N0 1 CAUMONT-LEVENTE;14143;Caumont-sur-Aure;;< 5 MW;zone soutirage;;;;;
CAVAIP3;POSTE 63kV N0 1 CAVAILLON;84035;Cavaillon;;< 5 MW;;;;;;
CAVALP3;POSTE 63kV N0 1 CAVALAIRE;83036;Cavalaire-sur-Mer;;< 5 MW;;;;;;
CAZARP6;POSTE 225kV N0 1 CAZARIL;31130;Cazaril-Tambourès;;< 5 MW;;;;;;
CAZARP7;POSTE 400kV N0 1 CAZARIL;31130;Cazaril-Tambourès;;< 5 MW;;;;;;
CAZE5P4;POSTE 90kV N0 1 CAZERIE;76740;La Vieux-Rue;;< 5 MW;;;;;;
CAZEDP3;POSTE 63kV N0 1 CAZEDARNES;34065;Cazedarnes;;< 5 MW;zone soutirage;;;;;
CAZERP3;POSTE 63kV N0 1 CAZERES;31135;Cazères;;< 5 MW;zone soutirage;;;;;
CBERYP3;POSTE 63kV N0 1 CHAMBERY;73029;Barberaz;;< 5 MW;zone soutirage;;;;;
CBRY P3;POSTE 63kV N0 1 CHAMBRY;77077;Chambry;;< 5 MW;zone soutirage;;;;;
CBRY P7;POSTE 400kV N0 1 CHAMBRY;77077;Chambry;;< 5 MW;;;;;;
CEBAZP3;POSTE 63kV N0 1 CEBAZAT;63063;Cébazat;;< 5 MW;zone soutirage;;;;;
CELLEP3;POSTE 63kV N0 1 CELLES;63066;Celles-sur-Durolle;;< 5 MW;zone soutirage;;;;;
CERETP3;POSTE 63kV N0 1 CERET;66049;Céret;;< 5 MW;;;;;;
CERGYP6;POSTE 225kV N0 1 CERGY;95127;Cergy;;< 5 MW;zone soutirage;;;;;
CERGYP7;POSTE 400kV N0 1 CERGY;95127;Cergy;;< 5 MW;;;;;;
CERNAP3;POSTE 63kV N0 1 CERNAY;51105;Cernay-lès-Reims;;< 5 MW;;;;;;
CERNAP6;POSTE 225kV N0 1 CERNAY;51105;Cernay-lès-Reims;;< 5 MW;;;;;;
CESSEP3;POSTE 63kV N0 1 CESSE;11369;Sallèles-d'Aude;;< 5 MW;zone injection PV;du 1er mai au 2 septembre inclus;gabarit en injection;< 5 MW;Liviere;55 MW
CESTAP3;POSTE 63kV N0 1 CESTAS;33122;Cestas;;< 5 MW;zone soutirage;;;;;
CESTAP6;POSTE 225kV N0 1 CESTAS;33122;Cestas;;< 5 MW;zone soutirage;;;;;
CHA.NP3;POSTE 63kV N0 1 CHALON-NORD;71076;Chalon-sur-Saône;;< 5 MW;zone soutirage;;;;;
CHAB5P3;POSTE 63kV N0 1 CHABAUDS (LES);13015;Bouc-Bel-Air;;< 5 MW;zone soutirage;;;;;
CHAB6P4;POSTE 90kV N0 1 CHABOT;85238;Saint-Laurent-sur-Sèvre;;< 5 MW;zone soutirage;;;;;
CHABOP3;POSTE 63kV N0 1 CHABOSSIERE (LA);44074;Indre;;< 5 MW;;;;;;
CHABOP6;POSTE 225kV N0 1 CHABOSSIERE (LA);44074;Indre;;< 5 MW;;;;;;
CHABRP6;POSTE 225kV N0 1 CHABRILLAN;26065;Chabrillan;;< 5 MW;zone injection PV;du 1er mai au 2 septembre inclus;;;;
CHAFAP4;POSTE 90kV N0 1 CHAFAUDS;45203;Meung-sur-Loire;;< 5 MW;zone soutirage;;;;;
CHAFFP3;POSTE 63kV N0 1 CHAFFARD (LE);38449;Saint-Quentin-Fallavier;;< 5 MW;zone soutirage;;;;;
CHAFFP7;POSTE 400kV N0 1 CHAFFARD (LE);38449;Saint-Quentin-Fallavier;;< 5 MW;;;;;;
CHAI5P4;POSTE 90kV N0 1 CHAINEAU (LA);41232;Salbris;;< 5 MW;zone injection PV;du 1er mai au 2 septembre inclus;;;;
CHAILP3;POSTE 63kV N0 1 CHAILLOTS (LES);89387;Sens;;< 5 MW;zone soutirage;;;;;
CHAINP4;POSTE 90kV N0 1 CHAINGY;45067;Chaingy;;< 5 MW;zone soutirage;;;;;
CHAINP6;POSTE 225kV N0 1 CHAINGY;45067;Chaingy;;< 5 MW;zone soutirage;;;;;
CHAINP7;POSTE 400kV N0 1 CHAINGY;45067;Chaingy;;< 5 MW;;;;;;
CHAL6P3;POSTE 63kV N0 1 CHALON (KODAK-PATHE);71076;Chalon-sur-Saône;;< 5 MW;zone soutirage;;;;;
CHAL7P6;POSTE 225kV N0 1 CHALAMPE;68020;Bantzenheim;;< 5 MW;;;;;;
CHALLP4;POSTE 90kV N0 1 CHALLANS;85047;Challans;;< 5 MW;;;;;;
CHALOP3;POSTE 63kV N0 1 CHALON;71445;Saint-Marcel;;< 5 MW;zone soutirage;;;;;
CHALOP6;POSTE 225kV N0 1 CHALON;71445;Saint-Marcel;;< 5 MW;zone soutirage;;;;;
CHAMOP3;POSTE 63kV N0 1 CHAMONIX;74056;Chamonix-Mont-Blanc;;< 5 MW;zone soutirage;;;;;
CHAN5P4;POSTE 90kV N0 1 CHANCEAUX;37054;Chanceaux-sur-Choisille;;< 5 MW;zone soutirage;;;;;
CHAN5P7;POSTE 400kV N0 1 CHANCEAUX;37054;Chanceaux-sur-Choisille;;< 5 MW;;;;;;
CHAN6P3;POSTE 63kV N0 1 CHANCENAY;52104;Chancenay;;< 5 MW;zone injection PV;du 1er mai au 2 septembre inclus;;;;
CHANCP3;POSTE 63kV N0 1 CHANCIA;39102;Chancia;;< 5 MW;;;;;;
CHANGP4;POSTE 90kV N0 1 CHANGE;53054;Changé;;< 5 MW;zone soutirage;;;;;
CHAP5P4;POSTE 90kV N0 1 CHAPELLE (LA) (AUX NAUX);37056;La Chapelle-aux-Naux;;< 5 MW;;;;;;
CHAPOP6;POSTE 225kV N0 1 CHAPON;55040;Beausite;;< 5 MW;zone injection PV;du 1er mai au 2 septembre inclus;;;;
CHAREP3;POSTE 63kV N0 1 CHARENTON;94018;Charenton-le-Pont;;< 5 MW;zone soutirage;;;;;
CHAREP6;POSTE 225kV N0 1 CHARENTON;94018;Charenton-le-Pont;;< 5 MW;zone soutirage;;;;;
CHARLP3;POSTE 63kV N0 1 CHARLIEU;42052;Charlieu;;< 5 MW;zone soutirage;;;;;
CHAROP3;POSTE 63kV N0 1 CHAROLLES;71106;Charolles;;< 5 MW;;;;;;
CHARPP3;POSTE 63kV N0 1 CHARPENAY;69112;Lentilly;;< 5 MW;zone soutirage;;;;;
CHARPP6;POSTE 225kV N0 1 CHARPENAY;69112;Lentilly;;< 5 MW;zone soutirage;;;;;
CHARPP7;POSTE 400kV N0 1 CHARPENAY;69112;Lentilly;;< 5 MW;;;;;;
CHARTP4;POSTE 90kV N0 1 CHARTREUX;91044;Ballainvilliers;;< 5 MW;zone soutirage;;;;;
CHAT6P4;POSTE 90kV N0 1 CHATAIGNERAIE (LA);85289;Terval;;< 5 MW;;;;;;
CHAV5P4;POSTE 90kV N0 1 CHAVAGNES;85065;Chavagnes-en-Paillers;;< 5 MW;zone soutirage;;;;;
CHAV6P3;POSTE 63kV N0 1 CHAVANOD;74067;Chavanod;;< 5 MW;zone soutirage;;;;;
CHAV6P6;POSTE 225kV N0 1 CHAVANOD;74067;Chavanod;;< 5 MW;zone soutirage;;;;;
CHAVEP4;POSTE 90kV N0 1 CHAVENAT;16082;Boisné-La Tude;;< 5 MW;;;;;;
CHAZ5P3;POSTE 63kV N0 1 CHAZELLES;42059;Chazelles-sur-Lyon;;< 5 MW;zone soutirage;;;;;
CHECYP4;POSTE 90kV N0 1 CHECY;45089;Chécy;;< 5 MW;zone soutirage;;;;;
CHERBP4;POSTE 90kV N0 1 CHERBOURG;50129;Cherbourg-en-Cotentin;;< 5 MW;zone soutirage;;;;;
CHESNP3;POSTE 63kV N0 1 CHESNOY (LE);77494;Vernou-la-Celle-sur-Seine;;< 5 MW;zone soutirage;;;;;
CHESNP6;POSTE 225kV N0 1 CHESNOY (LE);77494;Vernou-la-Celle-sur-Seine;;< 5 MW;zone soutirage;;;;;
CHESNP7;POSTE 400kV N0 1 CHESNOY (LE);77494;Vernou-la-Celle-sur-Seine;;< 5 MW;;;;;;
CHEV5P3;POSTE 63kV N0 1 CHEVIRE;44109;Nantes;;< 5 MW;zone soutirage;;;;;
CHEV5P6;POSTE 225kV N0 1 CHEVIRE;44109;Nantes;;< 5 MW;zone soutirage;;;;;
CHEV6P4;POSTE 90kV N0 1 CHEVAIN;72308;Saint-Paterne - Le Chevain;;< 5 MW;zone soutirage;;;;;
CHEV8P3;POSTE 63kV N0 1 CHEVENE;74010;Annecy;;< 5 MW;zone soutirage;;;;;
CHEVAP7;POSTE 400kV N0 1 CHEVALET;62579;Monchy-au-Bois;;< 5 MW;;;;;;
CHEVIP6;POSTE 225kV N0 1 CHEVILLY;94021;Chevilly-Larue;;< 5 MW;zone soutirage;;;;;
CHEYLP3;POSTE 63kV N0 1 CHEYLARD (LE);07064;Le Cheylard;;< 5 MW;zone soutirage;;;;;
CHOLEP4;POSTE 90kV N0 1 CHOLET;49099;Cholet;;< 5 MW;zone soutirage;;;;;
CHOLEP6;POSTE 225kV N0 1 CHOLET;49099;Cholet;;< 5 MW;zone soutirage;;;;;
CHOLOP3;POSTE 63kV N0 1 CHOLOY;54128;Choloy-Ménillot;;< 5 MW;;;;;;
CHOO5P3;POSTE 63kV N0 1 CHOOZ;08122;Chooz;;< 5 MW;zone soutirage;;;;;
CHOO5P6;POSTE 225kV N0 1 CHOOZ;08122;Chooz;;< 5 MW;zone soutirage;;;;;
CHOUYP3;POSTE 63kV N0 1 CHOUY;02192;Chouy;;< 5 MW;;;;;;
CIERPP3;POSTE 63kV N0 1 CIERP;31548;Signac;;< 5 MW;;;;;;
CINTEP3;POSTE 63kV N0 1 CINTEGABELLE;31145;Cintegabelle;;< 5 MW;zone injection PV;du 1er mai au 2 septembre inclus;;;;
CIOTAP3;POSTE 63kV N0 1 CIOTAT (LA);13028;La Ciotat;;< 5 MW;;;;;;
CIREYP3;POSTE 63kV N0 1 CIREY (-SUR-VEZOUZE);54129;Cirey-sur-Vezouze;;< 5 MW;;;;;;
CIROLP6;POSTE 225kV N0 1 CIROLLIERS;91579;Saint-Vrain;;< 5 MW;zone soutirage;;;;;
CIROLP7;POSTE 400kV N0 1 CIROLLIERS;91579;Saint-Vrain;;< 5 MW;;;;;;
CISSAP3;POSTE 63kV N0 1 CISSAC;33125;Cissac-Médoc;;< 5 MW;zone soutirage;;;;;
CISSAP6;POSTE 225kV N0 1 CISSAC;33125;Cissac-Médoc;;< 5 MW;zone soutirage;;;;;
CIVRAP4;POSTE 90kV N0 1 CIVRAY;86237;Saint-Pierre-d'Exideuil;;< 5 MW;;;;;;
CIVRIP3;POSTE 63kV N0 1 CIVRIEUX;69059;Civrieux-d'Azergues;;< 5 MW;zone soutirage;;;;;
CIZE P3;POSTE 63kV N0 1 CIZE;01106;Cize;;< 5 MW;;;;;;
CIZE P6;POSTE 225kV N0 1 CIZE;01106;Cize;;< 5 MW;;;;;;
CLAMEP3;POSTE 63kV N0 1 CLAMECY;58079;Clamecy;;< 5 MW;zone soutirage;;;;;
CLAVAP3;POSTE 63kV N0 1 CLAVAUX (LES);38212;Livet-et-Gavet;;< 5 MW;;;;;;
CLAYEP3;POSTE 63kV N0 1 CLAYETTE (LA);71022;Baudemont;;< 5 MW;;;;;;
CLEDEP3;POSTE 63kV N0 1 CLEDER;29030;Cléder;;< 5 MW;;;;;;
CLEONP4;POSTE 90kV N0 1 CLEON;76178;Cléon;;< 5 MW;zone soutirage;;;;;
CLEONP6;POSTE 225kV N0 1 CLEON;76178;Cléon;;< 5 MW;zone soutirage;;;;;
CLUNYP3;POSTE 63kV N0 1 CLUNY;71137;Cluny;;< 5 MW;zone soutirage;;;;;
CLUS5P3;POSTE 63kV N0 1 CLUSE (LA);01265;Montréal-la-Cluse;;< 5 MW;;;;;;
CLUSEP3;POSTE 63kV N0 1 CLUSES;74081;Cluses;;< 5 MW;zone soutirage;;;;;
COARRP3;POSTE 63kV N0 1 COARRAZE;64191;Coarraze;;< 5 MW;zone soutirage;;;;;
COATAP3;POSTE 63kV N0 1 COATAUDON;29075;Guipavas;;< 5 MW;;;;;;
COGNAP4;POSTE 90kV N0 1 COGNAC;16102;Cognac;;< 5 MW;zone soutirage;;;;;
COINDP4;POSTE 90kV N0 1 COINDRE;15170;Saint-Amandin;;< 5 MW;zone injection PV;du 1er mai au 2 septembre inclus;;;;
COLAYP3;POSTE 63kV N0 1 COLAYRAC;47069;Colayrac-Saint-Cirq;;< 5 MW;;;;;;
COLAYP6;POSTE 225kV N0 1 COLAYRAC;47069;Colayrac-Saint-Cirq;;< 5 MW;;;;;;
COLBEP3;POSTE 63kV N0 1 COLBERT;51454;Reims;;< 5 MW;;;;;;
COLO5P3;POSTE 63kV N0 1 COLOMIERS;31149;Colomiers;;< 5 MW;zone soutirage;;;;;
COLO6P3;POSTE 63kV N0 1 COLOMB;84092;Le Pontet;;< 5 MW;zone soutirage;;;;;
COLOMP4;POSTE 90kV N0 1 COLOMBIERS;86183;Les Ormes;;< 5 MW;zone injection PV;du 1er mai au 2 septembre inclus;;;;
COLONP6;POSTE 225kV N0 1 COLONIE;94028;Créteil;;< 5 MW;zone soutirage;;;;;
COLUMP4;POSTE 90kV N0 1 COLUMEAUX (LES);45148;Fontenay-sur-Loing;;< 5 MW;zone injection PV;du 1er mai au 2 septembre inclus;;;;
COMBOP4;POSTE 90kV N0 1 COMBOURG;35085;Combourg;;< 5 MW;zone soutirage;;;;;
COMM7P4;POSTE 90kV N0 1 COMMERVEIL;72086;Commerveil;;< 5 MW;zone soutirage;;;;;
COMM7P6;POSTE 225kV N0 1 COMMERVEIL;72086;Commerveil;;< 5 MW;zone soutirage;;;;;
COMMAP4;POSTE 90kV N0 1 COMMANDERIE (LA);37185;Pocé-sur-Cisse;;< 5 MW;zone soutirage;;;;;
COMMEP3;POSTE 63kV N0 1 COMMENTRY;03082;Commentry;;< 5 MW;zone injection PV;du 1er mai au 2 septembre inclus;;;;
COMPEP3;POSTE 63kV N0 1 COMPERTRIX;51160;Compertrix;;< 5 MW;;;;;;
COMPIP3;POSTE 63kV N0 1 COMPIEGNE;60156;Clairoix;;< 5 MW;;;;;;
COMPIP6;POSTE 225kV N0 1 COMPIEGNE;60156;Clairoix;;< 5 MW;;;;;;
CONCAP3;POSTE 63kV N0 1 CONCARNEAU;29039;Concarneau;;< 5 MW;zone soutirage;;;;;
CONCAP6;POSTE 225kV N0 1 CONCARNEAU;29039;Concarneau;;< 5 MW;zone soutirage;;;;;
CONCEP6;POSTE 225kV N0 1 CONCEPTION;13055;Marseille;;< 5 MW;zone soutirage;;;;;
CONF5P6;POSTE 225kV N0 1 CONFLUENT;38185;Grenoble;;< 5 MW;;;;;;
CONF6P4;POSTE 90kV N0 1 CONFOLENS;16106;Confolens;;< 5 MW;zone injection PV;du 1er mai au 2 septembre inclus;;;;
CONFLP3;POSTE 63kV N0 1 CONFLANS;70168;Conflans-sur-Lanterne;;< 5 MW;zone soutirage;;;;;
CONNEP4;POSTE 90kV N0 1 CONNERRE;72090;Connerré;;< 5 MW;zone soutirage;;;;;
CONRAP3;POSTE 63kV N0 1 CONRAIE (LA);44114;Orvault;;< 5 MW;zone soutirage;;;;;
CONTAP3;POSTE 63kV N0 1 CONTAMINE;73253;Saint-Marcel;;< 5 MW;zone soutirage;;;;;
CONTAP6;POSTE 225kV N0 1 CONTAMINE;73253;Saint-Marcel;;< 5 MW;zone soutirage;;;;;
CONTEP3;POSTE 63kV N0 1 CONTES;06048;Contes;;< 5 MW;zone soutirage;;;;;
COQUAP6;POSTE 225kV N0 1 COQUAINVILLIERS;14177;Coquainvilliers;;< 5 MW;zone soutirage;;;;;
COR.PP6;POSTE 225kV N0 1 CORDEMAIS-POSTE;44045;Cordemais;;< 5 MW;;;;;;
COR.PP7;POSTE 400kV N0 1 CORDEMAIS-POSTE;44045;Cordemais;;< 5 MW;;;;;;
CORB8P3;POSTE 63kV N0 1 CORBIER (LE);73318;Villarembert;;< 5 MW;;;;;;
CORB9P3;POSTE 63kV N0 1 CORBIGNY;58083;Corbigny;;< 5 MW;zone soutirage;;;;;
CORBIP4;POSTE 90kV N0 1 CORBIERE (LA);49267;Saint-Barthélemy-d'Anjou;;< 5 MW;zone soutirage;;;;;
CORBIP6;POSTE 225kV N0 1 CORBIERE (LA);49267;Saint-Barthélemy-d'Anjou;;< 5 MW;zone soutirage;;;;;
CORDEP6;POSTE 225kV N0 1 CORDEAC;38456;Châtel-en-Trièves;;< 5 MW;;;;;;
CORDYP4;POSTE 90kV N0 1 CORDY;41161;Nouan-le-Fuzelier;;< 5 MW;zone soutirage;;;;;
CORM5P4;POSTE 90kV N0 1 CORMELAI;36174;Roussines;;< 5 MW;zone injection PV;du 1er mai au 2 septembre inclus;;;;
CORMEP6;POSTE 225kV N0 1 CORMEILLES;95176;Cormeilles-en-Parisis;;< 5 MW;zone soutirage;;;;;
CORN6P3;POSTE 63kV N0 1 CORNIMONT;88447;Saulxures-sur-Moselotte;;< 5 MW;zone soutirage;;;;;
CORNEP4;POSTE 90kV N0 1 CORNEILLE;76497;Petit-Couronne;;< 5 MW;;;;;;
CORNIP3;POSTE 63kV N0 1 CORNIER;74224;La Roche-sur-Foron;;< 5 MW;zone soutirage;;;;;
CORNIP6;POSTE 225kV N0 1 CORNIER;74224;La Roche-sur-Foron;;< 5 MW;zone soutirage;;;;;
CORNIP7;POSTE 400kV N0 1 CORNIER;74224;La Roche-sur-Foron;;< 5 MW;;;;;;
COSNEP3;POSTE 63kV N0 1 COSNE;58086;Cosne-Cours-sur-Loire;;< 5 MW;;;;;;
COSSIP3;POSTE 63kV N0 1 COSSIGNY;77114;Chevry-Cossigny;;< 5 MW;zone soutirage;;;;;
COSSIP6;POSTE 225kV N0 1 COSSIGNY;77114;Chevry-Cossigny;;< 5 MW;zone soutirage;;;;;
COTONP4;POSTE 90kV N0 1 COTONI;76575;Saint-Étienne-du-Rouvray;;< 5 MW;;;;;;
COUB6P3;POSTE 63kV N0 1 COUBERTIN;21231;Dijon;;< 5 MW;zone soutirage;;;;;
COUCHP3;POSTE 63kV N0 1 COUCHEY;21200;Couchey;;< 5 MW;zone soutirage;;;;;
COUCHP6;POSTE 225kV N0 1 COUCHEY;21200;Couchey;;< 5 MW;zone soutirage;;;;;
COUDOP3;POSTE 63kV N0 1 COUDON (LE);83144;La Valette-du-Var;;< 5 MW;zone soutirage;;;;;
COUDOP6;POSTE 225kV N0 1 COUDON (LE);83144;La Valette-du-Var;;< 5 MW;zone soutirage;;;;;
COUE5P4;POSTE 90kV N0 1 COUESMES;37084;Couesmes;;< 5 MW;zone soutirage;;;;;
COUFFP6;POSTE 225kV N0 1 COUFFRAU RTE;81023;Barre;;< 5 MW;;;;;;
COULAP3;POSTE 63kV N0 1 COULANGE;07157;Meysse;;< 5 MW;zone soutirage;;;;;
COULAP7;POSTE 400kV N0 1 COULANGE;07157;Meysse;;< 5 MW;;;;;;
COULOP3;POSTE 63kV N0 1 COULOMMIERS;77131;Coulommiers;;< 5 MW;zone soutirage;;;;;
COUPVP6;POSTE 225kV N0 1 COUPVRAY;77132;Coupvray;;< 5 MW;zone soutirage;;;;;
COUR P4;POSTE 90kV N0 1 COUR (LA);86029;Blanzay;;< 5 MW;;;;;;
COURSP3;POSTE 63kV N0 1 COURS;42104;La Gresle;;< 5 MW;zone soutirage;;;;;
COUTAP4;POSTE 90kV N0 1 COUTANCES;50147;Coutances;;< 5 MW;zone soutirage;;;;;
CPFL5P4;POSTE 90kV N0 1 CHAMPFLEUR;72056;Champfleur;;< 5 MW;zone soutirage;;;;;
CPIGNP3;POSTE 63kV N0 1 CHAMPIGNEULLES;54115;Champigneulles;;< 5 MW;;;;;;
CPNACP4;POSTE 90kV N0 1 CHAMPAGNAC;87034;Champagnac-la-Rivière;;< 5 MW;zone injection PV;du 1er mai au 2 septembre inclus;;;;
CPNI5P4;POSTE 90kV N0 1 CHAMPNIERS;16078;Champniers;;< 5 MW;;;;;;
CPNIEP3;POSTE 63kV N0 1 CHAMPAGNIER;38068;Champagnier;;< 5 MW;;;;;;
CPNIEP6;POSTE 225kV N0 1 CHAMPAGNIER;38068;Champagnier;;< 5 MW;;;;;;
CPNIEP7;POSTE 400kV N0 1 CHAMPAGNIER;38068;Champagnier;;< 5 MW;;;;;;
CPNOLP3;POSTE 63kV N0 1 CHAMPAGNOLE;39097;Champagnole;;< 5 MW;;;;;;
CPNOLP6;POSTE 225kV N0 1 CHAMPAGNOLE;39097;Champagnole;;< 5 MW;;;;;;
CPRADP3;POSTE 63kV N0 1 CHAMPRADET;63113;Clermont-Ferrand;;< 5 MW;zone injection PV;du 1er mai au 2 septembre inclus;;;;
CPVANP3;POSTE 63kV N0 1 CHAMPVANS;39101;Champvans;;< 5 MW;zone soutirage;;;;;
CPVANP6;POSTE 225kV N0 1 CHAMPVANS;39101;Champvans;;< 5 MW;zone soutirage;;;;;
CPVERP3;POSTE 63kV N0 1 CHAMPVERT;58055;Champvert;;< 5 MW;;;;;;
CRAN P3;POSTE 63kV N0 1 CRAN;74010;Annecy;;< 5 MW;zone soutirage;;;;;
CRAONP4;POSTE 90kV N0 1 CRAON;53084;Craon;;< 5 MW;zone soutirage;;;;;
CRAPOP3;POSTE 63kV N0 1 CRAPONNE;69069;Craponne;;< 5 MW;zone soutirage;;;;;
CREC6P4;POSTE 90kV N0 1 CRECHETS (LES);59212;Estaires;;< 5 MW;;;;;;
CREC6P6;POSTE 225kV N0 1 CRECHETS (LES);59212;Estaires;;< 5 MW;;;;;;
CREDIP3;POSTE 63kV N0 1 CREDIN;56047;Crédin;;< 5 MW;;;;;;
CRENEP3;POSTE 63kV N0 1 CRENEY;10115;Creney-près-Troyes;;< 5 MW;zone injection PV;du 1er mai au 2 septembre inclus;;;;
CRENEP6;POSTE 225kV N0 1 CRENEY;10115;Creney-près-Troyes;;< 5 MW;zone injection PV;du 1er mai au 2 septembre inclus;;;;
CRENEP7;POSTE 400kV N0 1 CRENEY;10115;Creney-près-Troyes;;< 5 MW;;;;;;
CRESSP3;POSTE 63kV N0 1 CRESSANGES;03092;Cressanges;;< 5 MW;zone injection PV;du 1er mai au 2 septembre inclus;;;;
CRESTP3;POSTE 63kV N0 1 CREST;26108;Crest;;< 5 MW;zone soutirage;;;;;
CRETAP6;POSTE 225kV N0 1 CRETAINE;94076;Villejuif;;< 5 MW;zone soutirage;;;;;
CREUSP3;POSTE 63kV N0 1 CREUSOT (LE);71153;Le Creusot;;< 5 MW;zone soutirage;;;;;
CREUTP3;POSTE 63kV N0 1 CREUTZWALD;57160;Creutzwald;;< 5 MW;;;;;;
CREYSP7;POSTE 400kV N0 1 CREYS;38139;Creys-Mépieu;;< 5 MW;;;;;;
CRIQUP4;POSTE 90kV N0 1 CRIQUET;76576;Saint-Eustache-la-Forêt;;< 5 MW;;;;;;
CROI5P4;POSTE 90kV N0 1 CROIXRAULT;80227;Croixrault;;< 5 MW;;;;;;
CROI6P6;POSTE 225kV N0 1 CROISIERE;84063;Lamotte-du-Rhône;;< 5 MW;;;;;;
CROIXP4;POSTE 90kV N0 1 CROIX (LA);59421;Mouvaux;;< 5 MW;zone soutirage;;;;;
CROIXP6;POSTE 225kV N0 1 CROIX (LA);59421;Mouvaux;;< 5 MW;zone soutirage;;;;;
CROQUP4;POSTE 90kV N0 1 CROQUELOUP;53129;Launay-Villiers;;< 5 MW;zone soutirage;;;;;
CROZEP3;POSTE 63kV N0 1 CROZES;11068;Capendu;;< 5 MW;;;;;;
CROZOP3;POSTE 63kV N0 1 CROZON;29042;Crozon;;< 5 MW;;;;;;
CRUCHP4;POSTE 90kV N0 1 CRUCHET (LE);72065;La Chapelle-Saint-Aubin;;< 5 MW;zone soutirage;;;;;
CRUELP4;POSTE 90kV N0 1 CRUEL (LE);35193;Montreuil-le-Gast;;< 5 MW;zone soutirage;;;;;
CRUETP3;POSTE 63kV N0 1 CRUET;01457;Vonnas;;< 5 MW;zone soutirage;;;;;
CRUSEP6;POSTE 225kV N0 1 CRUSEILLES;74096;Cruseilles;;< 5 MW;zone soutirage;;;;;
CRUSSP3;POSTE 63kV N0 1 CRUSSOL;07102;Guilherand-Granges;;< 5 MW;zone soutirage;;;;;
CSLETP3;POSTE 63kV N0 1 CASTELET (LE);09228;Perles-et-Castelet;;< 5 MW;;;;;;
CSLJAP3;POSTE 63kV N0 1 CASTELJALOUX;47052;Casteljaloux;;< 5 MW;zone soutirage;;;;;
CSLL8P6;POSTE 225kV N0 1 CASTELLE (LA);34129;Lattes;;< 5 MW;zone soutirage;;;;;
CSLLAP5;POSTE 150kV N0 1 CASTELLANE;04039;Castellane;;< 5 MW;zone injection PV;du 1er mai au 2 septembre inclus;;;;
CSLLEP3;POSTE 63kV N0 1 CASTELLET (LE);83035;Le Castellet;;< 5 MW;zone soutirage;;;;;
CSLLEP6;POSTE 225kV N0 1 CASTELLET (LE);83035;Le Castellet;;< 5 MW;zone soutirage;;;;;
CSLN5P3;POSTE 63kV N0 1 CASTELNAU (CLIENT);34057;Castelnau-le-Lez;;< 5 MW;zone soutirage;;;;;
CSLSAP3;POSTE 63kV N0 1 CASTELSARRASIN;82033;Castelsarrasin;;< 5 MW;zone soutirage;;;;;
CTAU P3;POSTE 63kV N0 1 CHATEAU (LE);31555;Toulouse;;< 5 MW;zone soutirage;;;;;
CTAU5P4;POSTE 90kV N0 1 CHATEAUROUX;36044;Châteauroux;;< 5 MW;;;;;;
CTAUBP4;POSTE 90kV N0 1 CHATEAUBRIANT;44036;Châteaubriant;;< 5 MW;zone injection PV;du 1er mai au 2 septembre inclus;;;;
CTAUDP4;POSTE 90kV N0 1 CHATEAUDUN;28088;Châteaudun;;< 5 MW;;;;;;
CTAURP3;POSTE 63kV N0 1 CHATEAURENARD;13027;Châteaurenard;;< 5 MW;;;;;;
CTAURP6;POSTE 225kV N0 1 CHATEAURENARD;13027;Châteaurenard;;< 5 MW;;;;;;
CTLLEP4;POSTE 90kV N0 1 CHATELLERAULT;86066;Châtellerault;;< 5 MW;zone injection PV;du 1er mai au 2 septembre inclus;;;;
CUBNEP3;POSTE 63kV N0 1 CUBNEZAIS;33142;Cubnezais;;< 5 MW;zone soutirage;;;;;
CUBNEP6;POSTE 225kV N0 1 CUBNEZAIS;33142;Cubnezais;;< 5 MW;zone soutirage;;;;;
CUBNEP7;POSTE 400kV N0 1 CUBNEZAIS;33142;Cubnezais;;< 5 MW;;;;;;
CUDRAP3;POSTE 63kV N0 1 CUDRAZ;73032;La Bâthie;;< 5 MW;zone soutirage;;;;;
CUISEP3;POSTE 63kV N0 1 CUISEAUX;71157;Cuiseaux;;< 5 MW;;;;;;
CUPERP6;POSTE 225kV N0 1 CUPERLY;51203;Cuperly;;< 5 MW;;;;;;
CURBAP6;POSTE 225kV N0 1 CURBANS;04234;Venterol;;< 5 MW;zone injection PV;du 1er mai au 2 septembre inclus;;;;
CUS.PP3;POSTE 63kV N0 1 CUSSET-POSTE;69266;Villeurbanne;;< 5 MW;zone soutirage;;;;;
CUS.PP6;POSTE 225kV N0 1 CUSSET-POSTE;69266;Villeurbanne;;< 5 MW;zone soutirage;;;;;
CUSTIP3;POSTE 63kV N0 1 CUSTINE;54150;Custines;;< 5 MW;;;;;;
CXCONP3;POSTE 63kV N0 1 CHAUCONIN;77284;Meaux;;< 5 MW;zone soutirage;;;;;
CXFFAP3;POSTE 63kV N0 1 CHAUFFAILLES;71120;Chauffailles;;< 5 MW;zone soutirage;;;;;
CXME P4;POSTE 90kV N0 1 CHAUME (LA);36127;Montgivray;;< 5 MW;zone injection PV;du 1er mai au 2 septembre inclus;;;;
CXMO5P3;POSTE 63kV N0 1 CHAUMONT;52121;Chaumont;;< 5 MW;;;;;;
CXMONP4;POSTE 90kV N0 1 CHAUMONT (CHASSENEUIL-DU-POITOU);86062;Chasseneuil-du-Poitou;;< 5 MW;zone soutirage;;;;;
CXNAYP4;POSTE 90kV N0 1 CHAUNAY;28220;Luisant;;< 5 MW;;;;;;
CXNAYP6;POSTE 225kV N0 1 CHAUNAY;28220;Luisant;;< 5 MW;;;;;;
CXSSEP3;POSTE 63kV N0 1 CHAUSSEE (LA);51141;La Chaussée-sur-Marne;;< 5 MW;zone injection PV;du 1er mai au 2 septembre inclus;;;;
CXSSEP6;POSTE 225kV N0 1 CHAUSSEE (LA);51141;La Chaussée-sur-Marne;;< 5 MW;zone injection PV;du 1er mai au 2 septembre inclus;;;;
CXVIGP4;POSTE 90kV N0 1 CHAUVIGNY;86114;Jardres;;< 5 MW;zone soutirage;;;;;
CZBEVP3;POSTE 63kV N0 1 COURBEVOIE;92026;Courbevoie;;< 5 MW;zone soutirage;;;;;
CZEGEP3;POSTE 63kV N0 1 COUREGES;84087;Orange;;< 5 MW;;;;;;
CZNEUP6;POSTE 225kV N0 1 COURNEUVE (LA);93027;La Courneuve;;< 5 MW;zone soutirage;;;;;
CZPIEP3;POSTE 63kV N0 1 COURPIERE;63125;Courpière;;< 5 MW;zone soutirage;;;;;
CZRIEP4;POSTE 90kV N0 1 COURRIERES;62250;Courrières;;< 5 MW;zone soutirage;;;;;
CZRIEP6;POSTE 225kV N0 1 COURRIERES;62250;Courrières;;< 5 MW;zone soutirage;;;;;
CZTENP3;POSTE 63kV N0 1 COURTENAY;45115;Courtenay;;< 5 MW;zone soutirage;;;;;
CZTINP3;POSTE 63kV N0 1 COURTINE;84007;Avignon;;< 5 MW;zone soutirage;;;;;
CZTRYP3;POSTE 63kV N0 1 COURTRY;77453;Sivry-Courtry;;< 5 MW;zone soutirage;;;;;
CZTRYP6;POSTE 225kV N0 1 COURTRY;77453;Sivry-Courtry;;< 5 MW;zone soutirage;;;;;
D.FONP4;POSTE 90kV N0 1 DOUE-LA-FONTAINE;49125;Doué-en-Anjou;;< 5 MW;;;;;;
D.FRAP6;POSTE 225kV N0 1 DIGUE-DES-FRANCAIS;06088;Nice;;< 5 MW;zone soutirage;;;;;
D.INFP3;POSTE 63kV N0 1 DRAC-INFERIEUR;38151;Échirolles;;< 5 MW;zone soutirage;;;;;
D.ROUP4;POSTE 90kV N0 1 DEVILLE-LES-ROUEN;76216;Déville-lès-Rouen;;< 5 MW;;;;;;
DALSTP3;POSTE 63kV N0 1 DALSTEIN;57167;Dalstein;;< 5 MW;zone soutirage;;;;;
DAMBRP4;POSTE 90kV N0 1 DAMBRON;28121;Dambron;;< 5 MW;;;;;;
DAMBRP6;POSTE 225kV N0 1 DAMBRON;28121;Dambron;;< 5 MW;;;;;;
DAMBRP7;POSTE 400kV N0 1 DAMBRON;28121;Dambron;;< 5 MW;;;;;;
DAMERP3;POSTE 63kV N0 1 DAMERY;51204;Damery;;< 5 MW;;;;;;
DAMERP6;POSTE 225kV N0 1 DAMERY;51204;Damery;;< 5 MW;;;;;;
DAMVIP4;POSTE 90kV N0 1 DAMVILLE;27198;Mesnils-sur-Iton;;< 5 MW;;;;;;
DANCEP3;POSTE 63kV N0 1 DANCE (LA);70421;Port-sur-Saône;;< 5 MW;zone soutirage;;;;;
DANT5P3;POSTE 63kV N0 1 DANTON;92026;Courbevoie;;< 5 MW;zone soutirage;;;;;
DANTOP3;POSTE 63kV N0 1 DANTOU;47230;Saint-Aubin;;< 5 MW;zone injection PV;du 1er mai au 2 septembre inclus;;;;
DANTOP6;POSTE 225kV N0 1 DANTOU;47230;Saint-Aubin;;< 5 MW;zone injection PV;du 1er mai au 2 septembre inclus;;;;
DARCEP3;POSTE 63kV N0 1 DARCEY;21226;Darcey;;< 5 MW;zone injection PV;du 1er mai au 2 septembre inclus;;;;
DARCEP6;POSTE 225kV N0 1 DARCEY;21226;Darcey;;< 5 MW;zone injection PV;du 1er mai au 2 septembre inclus;;;;
DARDIP3;POSTE 63kV N0 1 DARDILLY;69072;Dardilly;;< 5 MW;zone soutirage;;;;;
DARNEP3;POSTE 63kV N0 1 DARNEY;88065;Bonvillet;;< 5 MW;;;;;;
DARSEP3;POSTE 63kV N0 1 DARSE;13039;Fos-sur-Mer;;< 5 MW;;;;;;
DARSEP6;POSTE 225kV N0 1 DARSE;13039;Fos-sur-Mer;;< 5 MW;;;;;;
DAUX P3;POSTE 63kV N0 1 DAUX;31160;Daux;;< 5 MW;zone soutirage;;;;;
DAX  P3;POSTE 63kV N0 1 DAX;40279;Saint-Paul-lès-Dax;;< 5 MW;zone soutirage;;;;;
DECHYP6;POSTE 225kV N0 1 DECHY;59170;Dechy;;< 5 MW;;;;;;
DEGA5P3;POSTE 63kV N0 1 DEGAGNAC;46087;Dégagnac;;< 5 MW;zone soutirage;;;;;
DELLEP3;POSTE 63kV N0 1 DELLE;90033;Delle;;< 5 MW;;;;;;
DENAIP3;POSTE 63kV N0 1 DENAIN;59651;Wavrechain-sous-Denain;;< 5 MW;;;;;;
DEOLSP4;POSTE 90kV N0 1 DEOLS;36063;Déols;;< 5 MW;;;;;;
DERVAP4;POSTE 90kV N0 1 DERVAL;44051;Derval;;< 5 MW;zone injection PV;du 1er mai au 2 septembre inclus;;;;
DESVRP4;POSTE 90kV N0 1 DESVRES;62524;Longfossé;;< 5 MW;;;;;;
DIE  P3;POSTE 63kV N0 1 DIE;26113;Die;;< 5 MW;zone soutirage;;;;;
DIEPPP4;POSTE 90kV N0 1 DIEPPE;76414;Martin-Église;;< 5 MW;;;;;;
DIEULP3;POSTE 63kV N0 1 DIEULEFIT;26114;Dieulefit;;< 5 MW;;;;;;
DIEUZP3;POSTE 63kV N0 1 DIEUZE;57270;Val-de-Bride;;< 5 MW;;;;;;
DIGNEP3;POSTE 63kV N0 1 DIGNE;04070;Digne-les-Bains;;< 5 MW;;;;;;
DIGOIP3;POSTE 63kV N0 1 DIGOIN;71176;Digoin;;< 5 MW;;;;;;
DINANP3;POSTE 63kV N0 1 DINAN;22050;Dinan;;< 5 MW;zone soutirage;;;;;
DINARP3;POSTE 63kV N0 1 DINARD;35228;Pleurtuit;;< 5 MW;zone soutirage;;;;;
DISTRP4;POSTE 90kV N0 1 DISTRE;49112;Le Coudray-Macouard;;< 5 MW;zone soutirage;;;;;
DISTRP6;POSTE 225kV N0 1 DISTRE;49112;Le Coudray-Macouard;;< 5 MW;zone soutirage;;;;;
DISTRP7;POSTE 400kV N0 1 DISTRE;49112;Le Coudray-Macouard;;< 5 MW;;;;;;
DIVESP4;POSTE 90kV N0 1 DIVES;14225;Dives-sur-Mer;;< 5 MW;zone soutirage;;;;;
DOBERP3;POSTE 63kV N0 1 DOBERIE;22077;Hénansal;;< 5 MW;;;;;;
DOBERP6;POSTE 225kV N0 1 DOBERIE;22077;Hénansal;;< 5 MW;;;;;;
DOGNEP3;POSTE 63kV N0 1 DOGNEVILLE;88136;Dogneville;;< 5 MW;;;;;;
DOMENP3;POSTE 63kV N0 1 DOMENE;38150;Domène;;< 5 MW;zone soutirage;;;;;
DOMFRP4;POSTE 90kV N0 1 DOMFRONT;61145;Domfront en Poiraie;;< 5 MW;;;;;;
DOMLOP4;POSTE 90kV N0 1 DOMLOUP;35099;Domloup;;< 5 MW;zone soutirage;;;;;
DOMLOP6;POSTE 225kV N0 1 DOMLOUP;35099;Domloup;;< 5 MW;zone soutirage;;;;;
DOMLOP7;POSTE 400kV N0 1 DOMLOUP;35099;Domloup;;< 5 MW;;;;;;
DOMPIP3;POSTE 63kV N0 1 DOMPIERRE;03102;Dompierre-sur-Besbre;;< 5 MW;zone injection PV;du 1er mai au 2 septembre inclus;;;;
DONGEP3;POSTE 63kV N0 1 DONGES;44052;Donges;;< 5 MW;zone soutirage;;;;;
DONZAP6;POSTE 225kV N0 1 DONZAC;82049;Donzac;;< 5 MW;;;;;;
DONZAP7;POSTE 400kV N0 1 DONZAC;82049;Donzac;;< 5 MW;;;;;;
DONZEP4;POSTE 90kV N0 1 DONZENAC;19072;Donzenac;;< 5 MW;;;;;;
DONZEP6;POSTE 225kV N0 1 DONZENAC;19072;Donzenac;;< 5 MW;;;;;;
DORMAP3;POSTE 63kV N0 1 DORMANS;51217;Dormans;;< 5 MW;;;;;;
DORNAP3;POSTE 63kV N0 1 DORNACH;68224;Mulhouse;;< 5 MW;zone soutirage;;;;;
DOUARP3;POSTE 63kV N0 1 DOUARNENEZ;29046;Douarnenez;;< 5 MW;zone soutirage;;;;;
DOULLP4;POSTE 90kV N0 1 DOULLENS;80253;Doullens;;< 5 MW;;;;;;
DOULOP6;POSTE 225kV N0 1 DOULON;44109;Nantes;;< 5 MW;;;;;;
DOUV6P4;POSTE 90kV N0 1 DOUVRES;14228;Douvres-la-Délivrande;;< 5 MW;;;;;;
DOUVAP3;POSTE 63kV N0 1 DOUVAINE;74105;Douvaine;;< 5 MW;;;;;;
DOUVRP4;POSTE 90kV N0 1 DOUVRIN;62132;Billy-Berclau;;< 5 MW;zone soutirage;;;;;
DOUVRP6;POSTE 225kV N0 1 DOUVRIN;62132;Billy-Berclau;;< 5 MW;zone soutirage;;;;;
DRAGUP3;POSTE 63kV N0 1 DRAGUIGNAN;83050;Draguignan;;< 5 MW;;;;;;
DREUXP4;POSTE 90kV N0 1 DREUX;28134;Dreux;;< 5 MW;;;;;;
DRONNP4;POSTE 90kV N0 1 DRONNIERE (LA);14341;Ifs;;< 5 MW;zone soutirage;;;;;
DRONNP6;POSTE 225kV N0 1 DRONNIERE (LA);14341;Ifs;;< 5 MW;zone soutirage;;;;;
DRULIP3;POSTE 63kV N0 1 DRULINGEN;67105;Drulingen;;< 5 MW;;;;;;
DRUMEP3;POSTE 63kV N0 1 DRUMETTAZ;73103;Drumettaz-Clarafond;;< 5 MW;zone soutirage;;;;;
DUNIEP3;POSTE 63kV N0 1 DUNIERES;43087;Dunières;;< 5 MW;;;;;;
DURANP6;POSTE 225kV N0 1 DURANNE (LA);13001;Aix-en-Provence;;< 5 MW;zone soutirage;;;;;
DURREP3;POSTE 63kV N0 1 DURRE (LA);03262;Saint-Victor;;< 5 MW;zone injection PV;du 1er mai au 2 septembre inclus;;;;
DUVY P3;POSTE 63kV N0 1 DUVY;60203;Duvy;;< 5 MW;zone soutirage;;;;;
E.BAIP3;POSTE 63kV N0 1 EVAUX LES BAINS;23076;Évaux-les-Bains;;< 5 MW;zone injection PV;du 1er mai au 2 septembre inclus;;;;
E.BOTP3;POSTE 63kV N0 1 ENCO-DE-BOTTE;13002;Allauch;;< 5 MW;zone soutirage;;;;;
E.BOTP6;POSTE 225kV N0 1 ENCO-DE-BOTTE;13002;Allauch;;< 5 MW;zone soutirage;;;;;
E.FORP4;POSTE 90kV N0 1 EPINES-FORTES;37233;Saint-Pierre-des-Corps;;< 5 MW;zone soutirage;;;;;
ECHALP6;POSTE 225kV N0 1 ECHALAS;69080;Échalas;;< 5 MW;zone soutirage;;;;;
ECHALP7;POSTE 400kV N0 1 ECHALAS;69080;Échalas;;< 5 MW;;;;;;
ECHELP3;POSTE 63kV N0 1 ECHELLES (LES);73105;Les Échelles;;< 5 MW;zone soutirage;;;;;
ECHINP4;POSTE 90kV N0 1 ECHINGHEN;62281;Echinghen;;< 5 MW;;;;;;
ECHINP6;POSTE 225kV N0 1 ECHINGHEN;62281;Echinghen;;< 5 MW;;;;;;
ECOMMP4;POSTE 90kV N0 1 ECOMMOY;72124;Écommoy;;< 5 MW;zone soutirage;;;;;
EGET P3;POSTE 63kV N0 1 EGET;65017;Aragnouet;;< 5 MW;zone injection PV;du 1er mai au 2 septembre inclus;;;;
EGLANP3;POSTE 63kV N0 1 EGLANTIER;77379;Provins;;< 5 MW;zone soutirage;;;;;
EGLETP4;POSTE 90kV N0 1 EGLETONS;19145;Moustier-Ventadour;;< 5 MW;zone injection PV;du 1er mai au 2 septembre inclus;;;;
EGUILP3;POSTE 63kV N0 1 EGUILLES;13032;Éguilles;;< 5 MW;zone soutirage;;;;;
EGUZOP4;POSTE 90kV N0 1 EGUZON;36062;Cuzion;;< 5 MW;zone injection PV;du 1er mai au 2 septembre inclus;;;;
EGUZOP6;POSTE 225kV N0 1 EGUZON;36062;Cuzion;;< 5 MW;zone injection PV;du 1er mai au 2 septembre inclus;;;;
EGUZOP7;POSTE 400kV N0 1 EGUZON;36062;Cuzion;;< 5 MW;;;;;;
ELANCP3;POSTE 63kV N0 1 ELANCOURT;78208;Élancourt;;< 5 MW;zone soutirage;;;;;
ELANCP6;POSTE 225kV N0 1 ELANCOURT;78208;Élancourt;;< 5 MW;zone soutirage;;;;;
EMBRUP3;POSTE 63kV N0 1 EMBRUN;05046;Embrun;;< 5 MW;zone injection PV;du 1er mai au 2 septembre inclus;gabarit en injection;< 5 MW;Haute-Durance;55 MW
ENSERP3;POSTE 63kV N0 1 ENSERUNE;34183;Nissan-lez-Enserune;;< 5 MW;zone soutirage;;;;;
ENSISP3;POSTE 63kV N0 1 ENSISHEIM;68082;Ensisheim;;< 5 MW;zone soutirage;;;;;
ENSOLP3;POSTE 63kV N0 1 ENSOLEILLE (L);13001;Aix-en-Provence;;< 5 MW;zone soutirage;;;;;
ENTRAP3;POSTE 63kV N0 1 ENTRAIGUES;83031;Le Cannet-des-Maures;;< 5 MW;;;;;;
ENTREP3;POSTE 63kV N0 1 ENTREVAUX;04076;Entrevaux;;< 5 MW;zone soutirage;;;;;
ENTREP5;POSTE 150kV N0 1 ENTREVAUX;04076;Entrevaux;;< 5 MW;zone soutirage;;;;;
ENVALP3;POSTE 63kV N0 1 ENVAL;63263;Orcines;;< 5 MW;zone injection PV;du 1er mai au 2 septembre inclus;;;;
ENVALP6;POSTE 225kV N0 1 ENVAL;63263;Orcines;;< 5 MW;zone injection PV;du 1er mai au 2 septembre inclus;;;;
ENVERP4;POSTE 90kV N0 1 ENVERMEU;76235;Envermeu;;< 5 MW;;;;;;
EPER5P4;POSTE 90kV N0 1 EPERNON;28140;Épernon;;< 5 MW;;;;;;
EPERNP3;POSTE 63kV N0 1 EPERNAY;51230;Épernay;;< 5 MW;;;;;;
EPIN5P3;POSTE 63kV N0 1 EPINAY-SOUS-SENART;91215;Épinay-sous-Sénart;;< 5 MW;zone soutirage;;;;;
EPINAP3;POSTE 63kV N0 1 EPINAC;71190;Épinac;;< 5 MW;zone soutirage;;;;;
ERNEEP4;POSTE 90kV N0 1 ERNEE;53096;Ernée;;< 5 MW;;;;;;
ERQUYP3;POSTE 63kV N0 1 ERQUY;22054;Erquy;;< 5 MW;;;;;;
ERRONP3;POSTE 63kV N0 1 ERRONDENIA;64260;Hendaye;;< 5 MW;zone soutirage;;;;;
ERROUP3;POSTE 63kV N0 1 ERROUVILLE;54181;Errouville;;< 5 MW;;;;;;
ESCAIP3;POSTE 63kV N0 1 ESCAILLON (L );83137;Toulon;;< 5 MW;zone soutirage;;;;;
ESCAIP6;POSTE 225kV N0 1 ESCAILLON (L );83137;Toulon;;< 5 MW;zone soutirage;;;;;
ESCARP3;POSTE 63kV N0 1 ESCARELLE (L );83037;La Celle;;< 5 MW;;;;;;
ESCOUP3;POSTE 63kV N0 1 ESCOULOUBRE;11127;Escouloubre;;< 5 MW;;;;;;
ESPAGP3;POSTE 63kV N0 1 ESPAGNOUX;74010;Annecy;;< 5 MW;;;;;;
ESPERP3;POSTE 63kV N0 1 ESPERAZA;11129;Espéraza;;< 5 MW;;;;;;
ESPO5P3;POSTE 63kV N0 1 ESPONDEILHAN;34094;Espondeilhan;;< 5 MW;zone soutirage;;;;;
ESSARP4;POSTE 90kV N0 1 ESSARS;62119;Béthune;;< 5 MW;;;;;;
ESSERP3;POSTE 63kV N0 1 ESSERT;90010;Belfort;;< 5 MW;zone soutirage;;;;;
ESSEYP3;POSTE 63kV N0 1 ESSEY (-LES-NANCY);54184;Essey-lès-Nancy;;< 5 MW;zone soutirage;;;;;
ESTAIP4;POSTE 90kV N0 1 ESTAIRES;59212;Estaires;;< 5 MW;;;;;;
ESTERP3;POSTE 63kV N0 1 ESTERRE;65173;Esterre;;< 5 MW;;;;;;
ESTR6P6;POSTE 225kV N0 1 ESTREUX;59215;Estreux;;< 5 MW;;;;;;
ESTREP3;POSTE 63kV N0 1 ESTRESSIN;38544;Vienne;;< 5 MW;zone soutirage;;;;;
ETAB5P3;POSTE 63kV N0 1 ETABLES;33063;Bordeaux;;< 5 MW;zone soutirage;;;;;
ETAI5P3;POSTE 63kV N0 1 ETAIN;55578;Warcq;;< 5 MW;;;;;;
ETAN5P3;POSTE 63kV N0 1 ETANG (L);77493;Verneuil-l'Étang;;< 5 MW;zone soutirage;;;;;
ETAULP3;POSTE 63kV N0 1 ETAULIERS;33159;Étauliers;;< 5 MW;;;;;;
ETIVAP3;POSTE 63kV N0 1 ETIVAL;88319;Moyenmoutier;;< 5 MW;;;;;;
ETIVAP6;POSTE 225kV N0 1 ETIVAL;88319;Moyenmoutier;;< 5 MW;;;;;;
ETREPP3;POSTE 63kV N0 1 ETREPAGNY;27226;Étrépagny;;< 5 MW;zone soutirage;;;;;
ETUPEP3;POSTE 63kV N0 1 ETUPES;25228;Étupes;;< 5 MW;zone soutirage;;;;;
ETUPEP6;POSTE 225kV N0 1 ETUPES;25228;Étupes;;< 5 MW;zone soutirage;;;;;
EUROPP4;POSTE 90kV N0 1 EUROPORT;51285;Haussimont;;< 5 MW;;;;;;
EVIANP3;POSTE 63kV N0 1 EVIAN;74119;Évian-les-Bains;;< 5 MW;zone soutirage;;;;;
EVREUP4;POSTE 90kV N0 1 EVREUX;27229;Évreux;;< 5 MW;zone soutirage;;;;;
EVRO1P4;POSTE 90kV N0 1 EVRON 1;53097;Évron;;< 5 MW;zone soutirage;;;;;
EVRO2P4;POSTE 90kV N0 1 EVRON 2;53097;Évron;;< 5 MW;zone soutirage;;;;;
EXCIDP3;POSTE 63kV N0 1 EXCIDEUIL;24448;Saint-Martial-d'Albarède;;< 5 MW;zone soutirage;;;;;
EYBENP3;POSTE 63kV N0 1 EYBENS;38158;Eybens;;< 5 MW;zone soutirage;;;;;
EYBENP6;POSTE 225kV N0 1 EYBENS;38158;Eybens;;< 5 MW;zone soutirage;;;;;
EYRE5P4;POSTE 90kV N0 1 EYREIN;19081;Eyrein;;< 5 MW;zone injection PV;du 1er mai au 2 septembre inclus;;;;
F.AUBP4;POSTE 90kV N0 1 FLEURY-LES-AUBRAIS;45147;Fleury-les-Aubrais;;< 5 MW;zone soutirage;;;;;
F.BERP4;POSTE 90kV N0 1 FERTE-BERNARD (LA);72132;La Ferté-Bernard;;< 5 MW;zone soutirage;;;;;
F.CHAP4;POSTE 90kV N0 1 FERE-CHAMPENOISE;51248;Fère-Champenoise;;< 5 MW;;;;;;
F.COMP4;POSTE 90kV N0 1 FONTENAY-LE-COMTE;85092;Fontenay-le-Comte;;< 5 MW;;;;;;
F.ETOP4;POSTE 90kV N0 1 FONTAINE-ETOUPEFOUR;14274;Fontaine-Étoupefour;;< 5 MW;;;;;;
F.FREP4;POSTE 90kV N0 1 FAUX-FRESNAY;51243;Faux-Fresnay;;< 5 MW;;;;;;
F.FREP7;POSTE 400kV N0 1 FAUX-FRESNAY;51243;Faux-Fresnay;;< 5 MW;;;;;;
F.IRAP3;POSTE 63kV N0 1 FONT D IRAC;30011;Les Angles;;< 5 MW;zone soutirage;;;;;
F.JOUP3;POSTE 63kV N0 1 FERTE-SOUS-JOUARRE (LA);77183;La Ferté-sous-Jouarre;;< 5 MW;zone soutirage;;;;;
F.VERP3;POSTE 63kV N0 1 FIRMINY-VERT;42095;Firminy;;< 5 MW;zone soutirage;;;;;
FACTUP3;POSTE 63kV N0 1 FACTURE;33051;Biganos;;< 5 MW;;;;;;
FALLOP3;POSTE 63kV PEI FALLOU;92036;Gennevilliers;;< 5 MW;zone soutirage;;;;;
FALLOP6;POSTE 225kV N0 1 FALLOU;92036;Gennevilliers;;< 5 MW;zone soutirage;;;;;
FAMARP3;POSTE 63kV N0 1 FAMARS;59369;Maing;;< 5 MW;;;;;;
FAMARP6;POSTE 225kV N0 1 FAMARS;59369;Maing;;< 5 MW;;;;;;
FANAUP6;POSTE 225kV N0 1 FANAUDES;95598;Soisy-sous-Montmorency;;< 5 MW;zone soutirage;;;;;
FARRAP4;POSTE 90kV N0 1 FARRADIERE (LA);17449;Tonnay-Charente;;< 5 MW;zone soutirage;;;;;
FARRAP6;POSTE 225kV N0 1 FARRADIERE (LA);17449;Tonnay-Charente;;< 5 MW;zone soutirage;;;;;
FAVARP6;POSTE 225kV N0 1 FAVARY;13087;Rousset;;< 5 MW;zone injection PV;du 1er mai au 2 septembre inclus;;;;
FAVERP3;POSTE 63kV N0 1 FAVERGES;74123;Faverges-Seythenex;;< 5 MW;zone soutirage;;;;;
FAYMOP4;POSTE 90kV N0 1 FAYMOREAU;85087;Faymoreau;;< 5 MW;;;;;;
FECAMP4;POSTE 90kV N0 1 FECAMP;76259;Fécamp;;< 5 MW;;;;;;
FEIGNP4;POSTE 90kV N0 1 FEIGNIES;59225;Feignies;;< 5 MW;;;;;;
FERE P3;POSTE 63kV N0 1 FERE(-EN-TARDENOIS);02305;Fère-en-Tardenois;;< 5 MW;;;;;;
FEROUP3;POSTE 63kV N0 1 FEROUGE;46145;Lachapelle-Auzac;;< 5 MW;zone soutirage;;;;;
FEROUP6;POSTE 225kV N0 1 FEROUGE;46145;Lachapelle-Auzac;;< 5 MW;zone soutirage;;;;;
FERRAP4;POSTE 90kV N0 1 FERRANDE (LA);36018;Le Blanc;;< 5 MW;zone injection PV;du 1er mai au 2 septembre inclus;;;;
FERRIP3;POSTE 63kV N0 1 FERRIERES;09121;Ferrières-sur-Ariège;;< 5 MW;;;;;;
FESC P3;POSTE 63kV N0 1 FESC (LE);30132;La Grand-Combe;;< 5 MW;zone soutirage;;;;;
FESSEP6;POSTE 225kV N0 1 FESSENHEIM (CENTRALE HYDRAULIQUE);68091;Fessenheim;;< 5 MW;;;;;;
FEUILP3;POSTE 63kV N0 1 FEUILLANE;13039;Fos-sur-Mer;;< 5 MW;;;;;;
FEUILP6;POSTE 225kV N0 1 FEUILLANE;13039;Fos-sur-Mer;;< 5 MW;;;;;;
FEUILP7;POSTE 400kV N0 1 FEUILLANE;13039;Fos-sur-Mer;;< 5 MW;;;;;;
FEURSP3;POSTE 63kV N0 1 FEURS;42094;Feurs;;< 5 MW;zone soutirage;;;;;
FIGEAP3;POSTE 63kV N0 1 FIGEAC;46102;Figeac;;< 5 MW;zone injection PV;du 1er mai au 2 septembre inclus;;;;
FINHAP3;POSTE 63kV N0 1 FINHAN;82062;Finhan;;< 5 MW;zone soutirage;;;;;
FINS P3;POSTE 63kV N0 1 FINS (LES);25240;Les Fins;;< 5 MW;;;;;;
FISMEP3;POSTE 63kV N0 1 FISMES;51250;Fismes;;< 5 MW;;;;;;
FLACEP3;POSTE 63kV N0 1 FLACE;71270;Mâcon;;< 5 MW;zone soutirage;;;;;
FLEACP4;POSTE 90kV N0 1 FLEAC;16138;Fléac;;< 5 MW;zone soutirage;;;;;
FLEACP6;POSTE 225kV N0 1 FLEAC;16138;Fléac;;< 5 MW;zone soutirage;;;;;
FLECHP4;POSTE 90kV N0 1 FLECHE (LA);72154;La Flèche;;< 5 MW;zone soutirage;;;;;
FLERSP4;POSTE 90kV N0 1 FLERS;61466;La Selle-la-Forge;;< 5 MW;zone soutirage;;;;;
FLERSP6;POSTE 225kV N0 1 FLERS;61466;La Selle-la-Forge;;< 5 MW;zone soutirage;;;;;
FLEU5P3;POSTE 63kV N0 1 FLEURANCE;32132;Fleurance;;< 5 MW;zone injection PV;du 1er mai au 2 septembre inclus;gabarit en injection;< 5 MW;Jalis;105 MW
FLEYRP3;POSTE 63kV N0 1 FLEYRIAT;01451;Viriat;;< 5 MW;zone soutirage;;;;;
FLEYRP6;POSTE 225kV N0 1 FLEYRIAT;01451;Viriat;;< 5 MW;zone soutirage;;;;;
FLOINP3;POSTE 63kV N0 1 FLOING;08174;Floing;;< 5 MW;;;;;;
FLOIRP3;POSTE 63kV N0 1 FLOIRAC;33167;Floirac;;< 5 MW;zone soutirage;;;;;
FLOIRP4;POSTE 90kV N0 1 FLOIRAC;33167;Floirac;;< 5 MW;zone soutirage;;;;;
FLOIRP6;POSTE 225kV N0 1 FLOIRAC;33167;Floirac;;< 5 MW;zone soutirage;;;;;
FLOREP3;POSTE 63kV N0 1 FLORENSAC;34101;Florensac;;< 5 MW;zone soutirage;;;;;
FLOREP6;POSTE 225kV N0 1 FLORENSAC;34101;Florensac;;< 5 MW;zone soutirage;;;;;
FOIX P3;POSTE 63kV N0 1 FOIX;09122;Foix;;< 5 MW;;;;;;
FOIX5P3;POSTE 63kV N0 1 FOIX (R.F.F.);09122;Foix;;< 5 MW;;;;;;
FONCLP3;POSTE 63kV N0 1 FONCLARE;34284;Saint-Pons-de-Thomières;;< 5 MW;zone soutirage;;;;;
FONDAP3;POSTE 63kV N0 1 FONDAMENTE;12155;Fondamente;;< 5 MW;zone injection PV;du 1er mai au 2 septembre inclus;;;;
FONT P3;POSTE 63kV N0 1 FONT (LA);03095;Cusset;;< 5 MW;zone injection PV;du 1er mai au 2 septembre inclus;;;;
FONT P6;POSTE 225kV N0 1 FONT (LA);03095;Cusset;;< 5 MW;zone injection PV;du 1er mai au 2 septembre inclus;;;;
FORMIP3;POSTE 63kV N0 1 FORMIGUERES;66082;Formiguères;;< 5 MW;;;;;;
FOSSEP3;POSTE 63kV N0 1 FOSSES (LES);77070;Chailly-en-Brie;;< 5 MW;zone soutirage;;;;;
FOSSEP6;POSTE 225kV N0 1 FOSSES (LES);77070;Chailly-en-Brie;;< 5 MW;zone soutirage;;;;;
FOUG5P3;POSTE 63kV N0 1 FOUGEROLLES;70245;Fougerolles-Saint-Valbert;;< 5 MW;;;;;;
FOUGEP4;POSTE 90kV N0 1 FOUGERES;35115;Fougères;;< 5 MW;zone soutirage;;;;;
FOUL5P4;POSTE 90kV N0 1 FOULONNIERE;27697;Vironvay;;< 5 MW;zone soutirage;;;;;
FOURMP3;POSTE 63kV N0 1 FOURMIES;59249;Fourmies;;< 5 MW;;;;;;
FOUSCP3;POSTE 63kV N0 1 FOUSCAIS;34079;Clermont-l'Hérault;;< 5 MW;zone soutirage;;;;;
FOUSCP6;POSTE 225kV N0 1 FOUSCAIS;34079;Clermont-l'Hérault;;< 5 MW;zone soutirage;;;;;
FOYAUP4;POSTE 90kV N0 1 FOYAUX;59495;Recquignies;;< 5 MW;zone soutirage;;;;;
FRASNP3;POSTE 63kV N0 1 FRASNE;25259;Frasne;;< 5 MW;zone soutirage;;;;;
FRASNP6;POSTE 225kV N0 1 FRASNE;25259;Frasne;;< 5 MW;zone soutirage;;;;;
FRASNP7;POSTE 400kV N0 1 FRASNE;25259;Frasne;;< 5 MW;;;;;;
FREIGP4;POSTE 90kV N0 1 FREIGNE;49054;Candé;;< 5 MW;zone soutirage;;;;;
FREJOP3;POSTE 63kV N0 1 FREJORGUES;34198;Pérols;;< 5 MW;;;;;;
FREJUP3;POSTE 63kV N0 1 FREJUS;83061;Fréjus;;< 5 MW;zone soutirage;;;;;
FREJUP6;POSTE 225kV N0 1 FREJUS;83061;Fréjus;;< 5 MW;zone soutirage;;;;;
FREVEP4;POSTE 90kV N0 1 FREVENT;62361;Frévent;;< 5 MW;;;;;;
FROGEP3;POSTE 63kV N0 1 FROGES;38175;Froges;;< 5 MW;;;;;;
FROGEP6;POSTE 225kV N0 1 FROGES;38175;Froges;;< 5 MW;;;;;;
FRONCP3;POSTE 63kV N0 1 FRONCLES;52211;Froncles;;< 5 MW;zone injection PV;du 1er mai au 2 septembre inclus;;;;
FRONCP6;POSTE 225kV N0 1 FRONCLES;52211;Froncles;;< 5 MW;zone injection PV;du 1er mai au 2 septembre inclus;;;;
FROUAP3;POSTE 63kV N0 1 FROUARD;54215;Frouard;;< 5 MW;;;;;;
FRUGEP4;POSTE 90kV N0 1 FRUGES;62246;Coupelle-Neuve;;< 5 MW;;;;;;
FRUGEP7;POSTE 400kV N0 1 FRUGES;62246;Coupelle-Neuve;;< 5 MW;;;;;;
FTENIP3;POSTE 63kV N0 1 FONTENILLES;31188;Fontenilles;;< 5 MW;zone soutirage;;;;;
FTOY P3;POSTE 63kV N0 1 FONTOY;57226;Fontoy;;< 5 MW;zone soutirage;;;;;
FTPINP3;POSTE 63kV N0 1 FONTPINQUET;24322;Périgueux;;< 5 MW;zone soutirage;;;;;
G.BANP3;POSTE 63kV N0 1 GIVORS-BANS;69091;Givors;;< 5 MW;zone soutirage;;;;;
G.CAIP6;POSTE 225kV N0 1 GROS-CAILLOU;59504;Rœulx;;< 5 MW;;;;;;
G.CERP3;POSTE 63kV N0 1 GORGES-DE-LA-CERE;19034;Camps-Saint-Mathurin-Léobazel;;< 5 MW;zone injection PV;du 1er mai au 2 septembre inclus;;;;
G.CHEP3;POSTE 63kV N0 1 GRAND-CHENE;39475;Saint-Amour;;< 5 MW;;;;;;
G.CO6P6;POSTE 225kV N0 1 GRAND-COURBIS;26084;Châteauneuf-sur-Isère;;< 5 MW;zone injection PV;du 1er mai au 2 septembre inclus;;;;
G.COEP3;POSTE 63kV N0 1 GRAND-COEUR;73003;Grand-Aigueblanche;;< 5 MW;zone soutirage;;;;;
G.COEP6;POSTE 225kV N0 1 GRAND-COEUR;73003;Grand-Aigueblanche;;< 5 MW;zone soutirage;;;;;
G.COUP4;POSTE 90kV N0 1 GRAND-COURONNE;76319;Grand-Couronne;;< 5 MW;zone soutirage;;;;;
G.COUP6;POSTE 225kV N0 1 GRAND-COURONNE;76319;Grand-Couronne;;< 5 MW;zone soutirage;;;;;
G.GREP3;POSTE 63kV N0 1 GRAND-GRES;30047;Bouillargues;;< 5 MW;;;;;;
G.HAYP4;POSTE 90kV N0 1 GRANDE-HAYE (LA);35360;Vitré;;< 5 MW;zone soutirage;;;;;
G.ILEP3;POSTE 63kV N0 1 GRANDE-ILE;73240;Sainte-Hélène-du-Lac;;< 5 MW;zone soutirage;;;;;
G.ILEP6;POSTE 225kV N0 1 GRANDE-ILE;73240;Sainte-Hélène-du-Lac;;< 5 MW;zone soutirage;;;;;
G.ILEP7;POSTE 400kV N0 1 GRANDE-ILE;73240;Sainte-Hélène-du-Lac;;< 5 MW;;;;;;
G.LIEP4;POSTE 90kV N0 1 GRAND LIEU;44188;Saint-Philbert-de-Grand-Lieu;;< 5 MW;;;;;;
G.LUSP3;POSTE 63kV N0 1 GAY-LUSSAC;68224;Mulhouse;;< 5 MW;zone soutirage;;;;;
G.MARP3;POSTE 63kV N0 1 GRANGES-STE-MARIE;25320;Labergement-Sainte-Marie;;< 5 MW;zone soutirage;;;;;
G.NOBP3;POSTE 63kV N0 1 GRAND NOBLE;31069;Blagnac;;< 5 MW;zone soutirage;;;;;
G.PARP3;POSTE 63kV N0 1 GRANDE-PAROISSE;77210;La Grande-Paroisse;;< 5 MW;zone soutirage;;;;;
G.PORP6;POSTE 225kV N0 1 GRAND-PORT;59094;Bourbourg;;< 5 MW;;;;;;
G.QU6P4;POSTE 90kV N0 1 GRAND-QUEVILLY (CLIENT UIOM);76322;Le Grand-Quevilly;;< 5 MW;;;;;;
G.QUEP4;POSTE 90kV N0 1 GRAND-QUEVILLY;76322;Le Grand-Quevilly;;< 5 MW;zone soutirage;;;;;
G.SYNP4;POSTE 90kV N0 1 GRANDE-SYNTHE;59271;Grande-Synthe;;< 5 MW;zone soutirage;;;;;
G.SYNP6;POSTE 225kV N0 1 GRANDE-SYNTHE;59271;Grande-Synthe;;< 5 MW;zone soutirage;;;;;
GABIOP4;POSTE 90kV N0 1 GABION;76305;Gonfreville-l'Orcher;;< 5 MW;;;;;;
GABIOP6;POSTE 225kV N0 1 GABION;76305;Gonfreville-l'Orcher;;< 5 MW;;;;;;
GACE P4;POSTE 90kV N0 1 GACE;61181;Gacé;;< 5 MW;zone soutirage;;;;;
GAILLP3;POSTE 63kV N0 1 GAILLAC;81099;Gaillac;;< 5 MW;zone injection PV;du 1er mai au 2 septembre inclus;;;;
GALORP6;POSTE 225kV N0 1 GALOREAUX (LES);49244;Mauges-sur-Loire;;< 5 MW;;;;;;
GALORP7;POSTE 400kV N0 1 GALOREAUX (LES);49244;Mauges-sur-Loire;;< 5 MW;;;;;;
GAMBSP3;POSTE 63kV N0 1 GAMBSHEIM;67151;Gambsheim;;< 5 MW;zone soutirage;;;;;
GAMBSP6;POSTE 225kV N0 1 GAMBSHEIM;67151;Gambsheim;;< 5 MW;zone soutirage;;;;;
GAMPAP3;POSTE 63kV N0 1 GAMPALOUP;38072;Chanas;;< 5 MW;zone soutirage;;;;;
GAMPAP6;POSTE 225kV N0 1 GAMPALOUP;38072;Chanas;;< 5 MW;zone soutirage;;;;;
GANGEP3;POSTE 63kV N0 1 GANGES;34174;Moulès-et-Baucels;;< 5 MW;;;;;;
GANGEP6;POSTE 225kV N0 1 GANGES;34174;Moulès-et-Baucels;;< 5 MW;;;;;;
GANNAP3;POSTE 63kV N0 1 GANNAT;03118;Gannat;;< 5 MW;zone injection PV;du 1er mai au 2 septembre inclus;;;;
GANTEP4;POSTE 90kV N0 1 GANTERIE;27340;Honguemare-Guenouville;;< 5 MW;zone soutirage;;;;;
GAP  P3;POSTE 63kV N0 1 GAP;05061;Gap;;< 5 MW;zone soutirage;;;;;
GARCHP3;POSTE 63kV N0 1 GARCHIZY;58121;Garchizy;;< 5 MW;zone soutirage;;;;;
GARCHP6;POSTE 225kV N0 1 GARCHIZY;58121;Garchizy;;< 5 MW;zone soutirage;;;;;
GARD7P3;POSTE 63kV N0 1 GARDE (LA);83062;La Garde;;< 5 MW;zone soutirage;;;;;
GARD7P6;POSTE 225kV N0 1 GARDE (LA);83062;La Garde;;< 5 MW;zone soutirage;;;;;
GARD9P4;POSTE 90kV N0 1 GARDES (LES);37226;Sainte-Maure-de-Touraine;;< 5 MW;zone injection PV;du 1er mai au 2 septembre inclus;;;;
GARDAP3;POSTE 63kV N0 1 GARDANNE;13041;Gardanne;;< 5 MW;zone soutirage;;;;;
GARDIP3;POSTE 63kV N0 1 GARDIOLE (COURNONTERRAL);34095;Fabrègues;;< 5 MW;zone soutirage;;;;;
GAREIP3;POSTE 63kV N0 1 GAREIN;40105;Garein;;< 5 MW;zone injection PV;du 1er mai au 2 septembre inclus;gabarit en injection;< 5 MW;Cantegrit;210 MW
GARENP4;POSTE 90kV N0 1 GARENNES;62193;Calais;;< 5 MW;;;;;;
GARIEP6;POSTE 225kV N0 1 GARIES;33281;Mérignac;;< 5 MW;zone soutirage;;;;;
GATELP4;POSTE 90kV N0 1 GATELLIER;15182;Saint-Étienne-Cantalès;;< 5 MW;zone injection PV;du 1er mai au 2 septembre inclus;;;;
GATELP6;POSTE 225kV N0 1 GATELLIER;15182;Saint-Étienne-Cantalès;;< 5 MW;zone injection PV;du 1er mai au 2 septembre inclus;;;;
GATI5P4;POSTE 90kV N0 1 GATINAIS;45022;Batilly-en-Gâtinais;;< 5 MW;;;;;;
GATI5P7;POSTE 400kV N0 1 GATINAIS;45022;Batilly-en-Gâtinais;;< 5 MW;;;;;;
GAUC5P3;POSTE 63kV N0 1 GAUCHY;02340;Gauchy;;< 5 MW;;;;;;
GAUDIP6;POSTE 225kV N0 1 GAUDIERE (LA);11077;Castelnau-d'Aude;;< 5 MW;;;;;;
GAUDIP7;POSTE 400kV N0 1 GAUDIERE (LA);11077;Castelnau-d'Aude;;< 5 MW;;;;;;
GAUGLP7;POSTE 400kV N0 1 GAUGLIN;18026;Belleville-sur-Loire;;< 5 MW;;;;;;
GAVREP4;POSTE 90kV N0 1 GAVRELLE;62369;Gavrelle;;< 5 MW;;;;;;
GAVREP6;POSTE 225kV N0 1 GAVRELLE;62369;Gavrelle;;< 5 MW;;;;;;
GAVREP7;POSTE 400kV N0 1 GAVRELLE;62369;Gavrelle;;< 5 MW;;;;;;
GAZERP3;POSTE 63kV N0 1 GAZERAN;78269;Gazeran;;< 5 MW;;;;;;
GEISPP3;POSTE 63kV N0 1 GEISPOLSHEIM;67152;Geispolsheim;;< 5 MW;zone soutirage;;;;;
GEN.PP6;POSTE 225kV N0 1 GENISSIAT-POSTE;01189;Injoux-Génissiat;;< 5 MW;;;;;;
GEN.PP7;POSTE 400kV N0 1 GENISSIAT-POSTE;01189;Injoux-Génissiat;;< 5 MW;;;;;;
GENASP3;POSTE 63kV N0 1 GENAS;69277;Genas;;< 5 MW;;;;;;
GENAYP3;POSTE 63kV N0 1 GENAY;69278;Genay;;< 5 MW;zone soutirage;;;;;
GENEUP3;POSTE 63kV N0 1 GENEUILLE;25265;Geneuille;;< 5 MW;zone soutirage;;;;;
GENITP6;POSTE 225kV N0 1 GENITOY;77058;Bussy-Saint-Georges;;< 5 MW;zone soutirage;;;;;
GENLIP3;POSTE 63kV N0 1 GENLIS;21292;Genlis;;< 5 MW;zone soutirage;;;;;
GENTIP3;POSTE 63kV N0 1 GENTILLE (LA);31344;Miramont-de-Comminges;;< 5 MW;zone injection PV;du 1er mai au 2 septembre inclus;;;;
GERARP3;POSTE 63kV N0 1 GERARDMER;88196;Gérardmer;;< 5 MW;zone soutirage;;;;;
GERR5P4;POSTE 90kV N0 1 GER;50200;Ger;;< 5 MW;;;;;;
GERSTP3;POSTE 63kV N0 1 GERSTHEIM;67154;Gerstheim;;< 5 MW;zone soutirage;;;;;
GERSTP6;POSTE 225kV N0 1 GERSTHEIM;67154;Gerstheim;;< 5 MW;zone soutirage;;;;;
GERVAP3;POSTE 63kV N0 1 GERVANS;26380;Gervans;;< 5 MW;zone injection PV;du 1er mai au 2 septembre inclus;;;;
GESSEP3;POSTE 63kV N0 1 GESSE;11038;Bessède-de-Sault;;< 5 MW;;;;;;
GESSEP5;POSTE 150kV N0 1 GESSE;11038;Bessède-de-Sault;;< 5 MW;;;;;;
GESVRP3;POSTE 63kV N0 1 GESVRES;44035;La Chapelle-sur-Erdre;;< 5 MW;zone soutirage;;;;;
GEX  P3;POSTE 63kV N0 1 GEX;01071;Cessy;;< 5 MW;zone soutirage;;;;;
GIEN P3;POSTE 63kV N0 1 GIEN;45155;Gien;;< 5 MW;;;;;;
GIEN P4;POSTE 90kV N0 1 GIEN;45155;Gien;;< 5 MW;;;;;;
GIEN P6;POSTE 225kV N0 1 GIEN;45155;Gien;;< 5 MW;;;;;;
GIMONP3;POSTE 63kV N0 1 GIMONT;32147;Gimont;;< 5 MW;zone injection PV;du 1er mai au 2 septembre inclus;gabarit en injection;< 5 MW;Jalis;105 MW
GINESP3;POSTE 63kV N0 1 GINESTOUS;31555;Toulouse;;< 5 MW;zone soutirage;;;;;
GINESP6;POSTE 225kV N0 1 GINESTOUS;31555;Toulouse;;< 5 MW;zone soutirage;;;;;
GIVETP3;POSTE 63kV N0 1 GIVET;08190;Givet;;< 5 MW;zone soutirage;;;;;
GIVORP6;POSTE 225kV N0 1 GIVORS;69091;Givors;;< 5 MW;zone soutirage;;;;;
GLACIP3;POSTE 63kV N0 1 GLACIERE (LA);33281;Mérignac;;< 5 MW;zone soutirage;;;;;
GLONVP3;POSTE 63kV N0 1 GLONVILLE;54229;Glonville;;< 5 MW;;;;;;
GODINP3;POSTE 63kV N0 1 GODIN;12013;Aubin;;< 5 MW;zone injection PV;du 1er mai au 2 septembre inclus;;;;
GODINP6;POSTE 225kV N0 1 GODIN;12013;Aubin;;< 5 MW;zone injection PV;du 1er mai au 2 septembre inclus;;;;
GOETZP3;POSTE 63kV N0 1 GOETZENBRUCK;57250;Goetzenbruck;;< 5 MW;;;;;;
GONCOP3;POSTE 63kV N0 1 GONCOURT;52064;Bourmont-entre-Meuse-et-Mouzon;;< 5 MW;zone injection PV;du 1er mai au 2 septembre inclus;;;;
GONNEP4;POSTE 90kV N0 1 GONNEVILLE;76308;Gonneville-sur-Scie;;< 5 MW;;;;;;
GONTAP3;POSTE 63kV N0 1 GONTARD;13084;La Roque-d'Anthéron;;< 5 MW;;;;;;
GORBEP3;POSTE 63kV N0 1 GORBELLA;06088;Nice;;< 5 MW;zone soutirage;;;;;
GOSNAP4;POSTE 90kV N0 1 GOSNAY;62377;Gosnay;;< 5 MW;;;;;;
GOUDOP4;POSTE 90kV N0 1 GOUDOUNECHE;19275;Ussel;;< 5 MW;zone injection PV;du 1er mai au 2 septembre inclus;;;;
GOULAP4;POSTE 90kV N0 1 GOULAINE;44071;Haute-Goulaine;;< 5 MW;;;;;;
GOUR5P3;POSTE 63kV N0 1 GOURDAN;31224;Gourdan-Polignan;;< 5 MW;zone injection PV;du 1er mai au 2 septembre inclus;;;;
GOURAP3;POSTE 63kV N0 1 GOURAY (LE);22046;Le Mené;;< 5 MW;;;;;;
GOURDP3;POSTE 63kV N0 1 GOURDON;46127;Gourdon;;< 5 MW;zone soutirage;;;;;
GOURJP3;POSTE 63kV N0 1 GOURJADE;81065;Castres;;< 5 MW;;;;;;
GOURJP6;POSTE 225kV N0 1 GOURJADE;81065;Castres;;< 5 MW;;;;;;
GOURNP3;POSTE 63kV N0 1 GOURNAY;76260;Ferrières-en-Bray;;< 5 MW;zone soutirage;;;;;
GOUV5P4;POSTE 90kV N0 1 GOUVILLE;50215;Gouville-sur-Mer;;< 5 MW;zone soutirage;;;;;
GOUVIP6;POSTE 225kV N0 1 GOUVIEUX;60282;Gouvieux;;< 5 MW;zone soutirage;;;;;
GOUZOP3;POSTE 63kV N0 1 GOUZON;23093;Gouzon;;< 5 MW;zone injection PV;du 1er mai au 2 septembre inclus;;;;
GRAFFP6;POSTE 225kV N0 1 GRAFFENSTADEN;67152;Geispolsheim;;< 5 MW;zone soutirage;;;;;
GRAMOP6;POSTE 225kV N0 1 GRAMONT;31044;Balma;;< 5 MW;;;;;;
GRANDP6;POSTE 225kV N0 1 GRANDVAL;15073;Fridefont;;< 5 MW;zone injection PV;du 1er mai au 2 septembre inclus;;;;
GRANZP6;POSTE 225kV N0 1 GRANZAY;79137;Granzay-Gript;;< 5 MW;;;;;;
GRANZP7;POSTE 400kV N0 1 GRANZAY;79137;Granzay-Gript;;< 5 MW;;;;;;
GRAULP3;POSTE 63kV N0 1 GRAULHET;81105;Graulhet;;< 5 MW;zone injection PV;du 1er mai au 2 septembre inclus;;;;
GRAVEP4;POSTE 90kV N0 1 GRAVELINES;59273;Gravelines;;< 5 MW;zone soutirage;;;;;
GRAY P3;POSTE 63kV N0 1 GRAY;70026;Arc-lès-Gray;;< 5 MW;zone soutirage;;;;;
GREPIP3;POSTE 63kV N0 1 GREPILLES;42338;Vougy;;< 5 MW;zone soutirage;;;;;
GREZIP3;POSTE 63kV N0 1 GREZILLAC;33194;Grézillac;;< 5 MW;zone soutirage;;;;;
GREZIP6;POSTE 225kV N0 1 GREZILLAC;33194;Grézillac;;< 5 MW;zone soutirage;;;;;
GRIM5P3;POSTE 63kV N0 1 GRIMAUD;83068;Grimaud;;< 5 MW;;;;;;
GRIM5P6;POSTE 225kV N0 1 GRIMAUD;83068;Grimaud;;< 5 MW;;;;;;
GRISOP3;POSTE 63kV N0 1 GRISOLLES;05124;La Rochette;;< 5 MW;zone soutirage;;;;;
GRISOP6;POSTE 225kV N0 1 GRISOLLES;05124;La Rochette;;< 5 MW;zone soutirage;;;;;
GROSNP6;POSTE 225kV N0 1 GROSNE;71498;Santilly;;< 5 MW;;;;;;
GROSNP7;POSTE 400kV N0 1 GROSNE;71498;Santilly;;< 5 MW;;;;;;
GROULP3;POSTE 63kV N0 1 GROULLES;06084;Mouans-Sartoux;;< 5 MW;zone soutirage;;;;;
GROUXP4;POSTE 90kV N0 1 GROUX (LES);27072;Bois-Jérôme-Saint-Ouen;;< 5 MW;zone soutirage;;;;;
GUARBP4;POSTE 90kV N0 1 GUARBECQUE;62391;Guarbecque;;< 5 MW;;;;;;
GUARBP6;POSTE 225kV N0 1 GUARBECQUE;62391;Guarbecque;;< 5 MW;;;;;;
GUEBWP3;POSTE 63kV N0 1 GUEBWILLER;68112;Guebwiller;;< 5 MW;zone soutirage;;;;;
GUEBWP6;POSTE 225kV N0 1 GUEBWILLER;68112;Guebwiller;;< 5 MW;zone soutirage;;;;;
GUER P4;POSTE 90kV N0 1 GUER;56075;Guer;;< 5 MW;zone soutirage;;;;;
GUER5P3;POSTE 63kV N0 1 GUERLESQUIN;29067;Guerlesquin;;< 5 MW;;;;;;
GUERAP3;POSTE 63kV N0 1 GUERANDE;44069;Guérande;;< 5 MW;zone soutirage;;;;;
GUEREP4;POSTE 90kV N0 1 GUERET;23096;Guéret;;< 5 MW;;;;;;
GUERIP4;POSTE 90kV N0 1 GUERINIERE;85106;La Guérinière;;< 5 MW;;;;;;
GUERSP3;POSTE 63kV N0 1 GUERSAC;44176;Saint-Malo-de-Guersac;;< 5 MW;zone soutirage;;;;;
GUERSP6;POSTE 225kV N0 1 GUERSAC;44176;Saint-Malo-de-Guersac;;< 5 MW;zone soutirage;;;;;
GUEU8P3;POSTE 63kV N0 1 GUEUGNON (ENEDIS);71230;Gueugnon;;< 5 MW;;;;;;
GUEUGP3;POSTE 63kV N0 1 GUEUGNON;71230;Gueugnon;;< 5 MW;zone soutirage;;;;;
GUEUGP6;POSTE 225kV N0 1 GUEUGNON;71230;Gueugnon;;< 5 MW;zone soutirage;;;;;
GUEZEP3;POSTE 63kV N0 1 GUEZENNEC;22256;Quemper-Guézennec;;< 5 MW;;;;;;
GUICHP3;POSTE 63kV N0 1 GUICHE;64250;Guiche;;< 5 MW;zone soutirage;;;;;
GUIDEP3;POSTE 63kV N0 1 GUIDEL;56078;Guidel;;< 5 MW;zone soutirage;;;;;
GUIGNP3;POSTE 63kV N0 1 GUIGNICOURT;02211;Condé-sur-Suippe;;< 5 MW;;;;;;
GUILLP3;POSTE 63kV N0 1 GUILLAUMES;06071;Guillaumes;;< 5 MW;;;;;;
GUINEP3;POSTE 63kV N0 1 GUINEBERT;77431;Saint-Pierre-lès-Nemours;;< 5 MW;;;;;;
GUINGP3;POSTE 63kV N0 1 GUINGAMP;22223;Plouisy;;< 5 MW;;;;;;
GUPIEP3;POSTE 63kV N0 1 GUPIE;47056;Castelnau-sur-Gupie;;< 5 MW;zone soutirage;;;;;
GUPIEP6;POSTE 225kV N0 1 GUPIE;47056;Castelnau-sur-Gupie;;< 5 MW;zone soutirage;;;;;
GY   P3;POSTE 63kV N0 1 GY;70282;Gy;;< 5 MW;zone soutirage;;;;;
H.CLOP3;POSTE 63kV N0 1 HAUT-CLOS;10387;Troyes;;< 5 MW;;;;;;
H.PAUP3;POSTE 63kV N0 1 HENRI-PAUL;71187;Écuisses;;< 5 MW;zone soutirage;;;;;
H.PAUP6;POSTE 225kV N0 1 HENRI-PAUL;71187;Écuisses;;< 5 MW;zone soutirage;;;;;
H.PAUP7;POSTE 400kV N0 1 HENRI-PAUL;71187;Écuisses;;< 5 MW;;;;;;
H.PUIP4;POSTE 90kV N0 1 HAYE-DU-PUITS (LA);50236;La Haye;;< 5 MW;;;;;;
H.RIVP3;POSTE 63kV N0 1 HAUTES-RIVIERES;08218;Les Hautes-Rivières;;< 5 MW;zone soutirage;;;;;
H.VERP3;POSTE 63kV N0 1 HAUT-VERNET (LE);66136;Perpignan;;< 5 MW;zone injection PV;du 1er mai au 2 septembre inclus;gabarit en injection;< 5 MW;Baixas;210 MW
H.VIEP4;POSTE 90kV N0 1 HERIE-LA-VIEVILLE;02379;Le Hérie-la-Viéville;;< 5 MW;;;;;;
H.VIEP6;POSTE 225kV N0 1 HERIE-LA-VIEVILLE;02379;Le Hérie-la-Viéville;;< 5 MW;;;;;;
H.VINP4;POSTE 90kV N0 1 HAUT-VINAGE;59646;Wasquehal;;< 5 MW;zone soutirage;;;;;
H.VINP6;POSTE 225kV N0 1 HAUT-VINAGE;59646;Wasquehal;;< 5 MW;zone soutirage;;;;;
HAGETP3;POSTE 63kV N0 1 HAGETMAU;40119;Hagetmau;;< 5 MW;;;;;;
HAM  P3;POSTE 63kV N0 1 HAM;80410;Ham;;< 5 MW;;;;;;
HAMBAP3;POSTE 63kV N0 1 HAMBACH;57289;Hambach;;< 5 MW;;;;;;
HARC7P3;POSTE 63kV N0 1 HARCOURT;92040;Issy-les-Moulineaux;;< 5 MW;zone soutirage;;;;;
HARGIP3;POSTE 63kV N0 1 HARGICOURT;80625;Trois-Rivières;;< 5 MW;;;;;;
HAUT6P3;POSTE 63kV N0 1 HAUTERIVE;01363;Saint-Jean-le-Vieux;;< 5 MW;zone soutirage;;;;;
HAVR5P6;POSTE 225kV N0 1 HAVRE (LE) (POSTE);76351;Le Havre;;< 5 MW;;;;;;
HAYBEP3;POSTE 63kV N0 1 HAYBES;08222;Haybes;;< 5 MW;zone soutirage;;;;;
HAZEBP4;POSTE 90kV N0 1 HAZEBROUCK;59295;Hazebrouck;;< 5 MW;;;;;;
HEINLP3;POSTE 63kV N0 1 HEINLEX;44184;Saint-Nazaire;;< 5 MW;zone soutirage;;;;;
HELLEP6;POSTE 225kV N0 1 HELLEMMES;59350;Lille;;< 5 MW;zone soutirage;;;;;
HENINP4;POSTE 90kV N0 1 HENIN;62624;Noyelles-Godault;;< 5 MW;;;;;;
HERBIP4;POSTE 90kV N0 1 HERBIERS (LES);85109;Les Herbiers;;< 5 MW;zone soutirage;;;;;
HERBLP3;POSTE 63kV N0 1 HERBLAY;95306;Herblay-sur-Seine;;< 5 MW;zone soutirage;;;;;
HERICP3;POSTE 63kV N0 1 HERICOURT;70285;Héricourt;;< 5 MW;zone soutirage;;;;;
HERIMP3;POSTE 63kV N0 1 HERIMENIL;54260;Hériménil;;< 5 MW;zone soutirage;;;;;
HESDIP4;POSTE 90kV N0 1 HESDIN;62447;Hesdin;;< 5 MW;;;;;;
HIRSIP3;POSTE 63kV N0 1 HIRSINGUE;68138;Hirsingue;;< 5 MW;;;;;;
HIRSOP3;POSTE 63kV N0 1 HIRSON;02381;Hirson;;< 5 MW;;;;;;
HIS  P3;POSTE 63kV N0 1 HIS;31237;His;;< 5 MW;zone injection PV;du 1er mai au 2 septembre inclus;;;;
HOLQUP4;POSTE 90kV N0 1 HOLQUE;59307;Holque;;< 5 MW;;;;;;
HOLQUP6;POSTE 225kV N0 1 HOLQUE;59307;Holque;;< 5 MW;;;;;;
HORDAP3;POSTE 63kV N0 1 HORDAIN;59313;Hordain;;< 5 MW;;;;;;
HORDAP4;POSTE 90kV N0 1 HORDAIN;59313;Hordain;;< 5 MW;;;;;;
HORMEP3;POSTE 63kV N0 1 HORME (L );42110;L'Horme;;< 5 MW;zone soutirage;;;;;
HOSPIP3;POSTE 63kV N0 1 HOSPITALET (L );09139;L'Hospitalet-près-l'Andorre;;< 5 MW;;;;;;
HOSPIP6;POSTE 225kV N0 1 HOSPITALET (L );09139;L'Hospitalet-près-l'Andorre;;< 5 MW;;;;;;
HOUDRP7;POSTE 400kV N0 1 HOUDREVILLE;54266;Houdreville;;< 5 MW;;;;;;
HOURAP3;POSTE 63kV N0 1 HOURAT (LE);64320;Laruns;;< 5 MW;;;;;;
HOURAP5;POSTE 150kV N0 1 HOURAT (LE);64320;Laruns;;< 5 MW;;;;;;
HOURAP6;POSTE 225kV N0 1 HOURAT (LE);64320;Laruns;;< 5 MW;;;;;;
HOURTP3;POSTE 63kV N0 1 HOURTIN;33203;Hourtin;;< 5 MW;zone soutirage;;;;;
HUBERP4;POSTE 90kV N0 1 HUBERVILLE;50251;Huberville;;< 5 MW;zone soutirage;;;;;
HYEREP3;POSTE 63kV N0 1 HYERES;83069;Hyères;;< 5 MW;zone soutirage;;;;;
HYEREP6;POSTE 225kV N0 1 HYERES;83069;Hyères;;< 5 MW;zone soutirage;;;;;
I.ABEP3;POSTE 63kV N0 1 ISLE D ABEAU;38193;L'Isle-d'Abeau;;< 5 MW;zone soutirage;;;;;
I.DODP3;POSTE 63kV N0 1 ISLE-EN-DODON (L);31239;L'Isle-en-Dodon;;< 5 MW;zone injection PV;du 1er mai au 2 septembre inclus;gabarit en injection;< 5 MW;Jalis;105 MW
I.DOUP3;POSTE 63kV N0 1 ISLE-SUR-LE-DOUBS (L );25315;L'Isle-sur-le-Doubs;;< 5 MW;;;;;;
I.JO5P3;POSTE 63kV N0 1 ISLE-JOURDAIN;32160;L'Isle-Jourdain;;< 5 MW;zone soutirage;;;;;
I.JOUP4;POSTE 90kV N0 1 ISLE-JOURDAIN (MILLAC);86159;Millac;;< 5 MW;;;;;;
I.NANP3;POSTE 63kV N0 1 ILE-DE-NANTES;44109;Nantes;;< 5 MW;zone soutirage;;;;;
I.NAPP3;POSTE 63kV N0 1 ILE-NAPOLEON;68154;Illzach;;< 5 MW;zone soutirage;;;;;
I.NAPP6;POSTE 225kV N0 1 ILE-NAPOLEON;68154;Illzach;;< 5 MW;zone soutirage;;;;;
I.TETP3;POSTE 63kV N0 1 ILLE-SUR-TET;66088;Ille-sur-Têt;;< 5 MW;zone injection PV;du 1er mai au 2 septembre inclus;gabarit en injection;< 5 MW;Baixas;210 MW
ILES5P3;POSTE 63kV N0 1 ILES (LES);38005;Allemond;;< 5 MW;;;;;;
ILES5P7;POSTE 400kV N0 1 ILES (LES);38005;Allemond;;< 5 MW;;;;;;
ISIGNP4;POSTE 90kV N0 1 ISIGNY;14342;Isigny-sur-Mer;;< 5 MW;zone soutirage;;;;;
ISOLAP3;POSTE 63kV N0 1 ISOLA (2000);06073;Isola;;< 5 MW;;;;;;
ISSE P4;POSTE 90kV N0 1 ISSE;44075;Issé;;< 5 MW;zone injection PV;du 1er mai au 2 septembre inclus;;;;
ISSELP3;POSTE 63kV N0 1 ISSEL;11175;Issel;zone faisant l'objet de demandes;< 5 MW;zone injection PV;du 1er mai au 2 septembre inclus;gabarit en injection;50 MW;Issel;55 MW
ISSELP7;POSTE 400kV N0 1 ISSEL;11175;Issel;;< 5 MW;;;;;;
ISSOIP3;POSTE 63kV N0 1 ISSOIRE;63178;Issoire;;< 5 MW;zone soutirage;;;;;
ISSOIP6;POSTE 225kV N0 1 ISSOIRE;63178;Issoire;;< 5 MW;zone soutirage;;;;;
ITTEVP3;POSTE 63kV N0 1 ITTEVILLE;91315;Itteville;;< 5 MW;zone soutirage;;;;;
IZERNP3;POSTE 63kV N0 1 IZERNORE;01192;Izernore;;< 5 MW;;;;;;
IZERNP6;POSTE 225kV N0 1 IZERNORE;01192;Izernore;;< 5 MW;;;;;;
IZON P3;POSTE 63kV N0 1 IZON;33207;Izon;;< 5 MW;zone soutirage;;;;;
J.BOIP4;POSTE 90kV N0 1 JEU-LES-BOIS;36089;Jeu-les-Bois;;< 5 MW;zone injection PV;du 1er mai au 2 septembre inclus;;;;
J.BRUP3;POSTE 63kV N0 1 JEAN BRUNHES;31555;Toulouse;;< 5 MW;zone soutirage;;;;;
J.CLAP4;POSTE 90kV N0 1 JAUNAY-CLAN;86115;Jaunay-Marigny;;< 5 MW;zone soutirage;;;;;
J.LOIP4;POSTE 90kV N0 1 JUIGNE-SUR-LOIRE;49167;Les Garennes sur Loire;;< 5 MW;zone soutirage;;;;;
J.MAIP3;POSTE 63kV N0 1 JOLI-MAI;44114;Orvault;;< 5 MW;zone soutirage;;;;;
J.TOUP4;POSTE 90kV N0 1 JOUE-LES-TOURS;37122;Joué-lès-Tours;;< 5 MW;zone soutirage;;;;;
J.VILP6;POSTE 225kV N0 1 JOUX-LA-VILLE;89208;Joux-la-Ville;;< 5 MW;;;;;;
JACQUP6;POSTE 225kV N0 1 JACQUARD;42218;Saint-Étienne;;< 5 MW;zone soutirage;;;;;
JALISP3;POSTE 63kV N0 1 JALIS;32013;Auch;zone faisant l'objet de demandes;< 5 MW;zone injection PV;du 1er mai au 2 septembre inclus;gabarit en injection;50 MW;Jalis;105 MW
JALISP6;POSTE 225kV N0 1 JALIS;32013;Auch;zone faisant l'objet de demandes;< 5 MW;zone injection PV;du 1er mai au 2 septembre inclus;gabarit en injection;100 MW;Jalis;105 MW
JALLIP3;POSTE 63kV N0 1 JALLIEU;38053;Bourgoin-Jallieu;;< 5 MW;zone soutirage;;;;;
JANAIP4;POSTE 90kV N0 1 JANAIS (LA);35066;Chartres-de-Bretagne;;< 5 MW;zone soutirage;;;;;
JANASP3;POSTE 63kV N0 1 JANAS;83126;La Seyne-sur-Mer;;< 5 MW;zone soutirage;;;;;
JARLAP3;POSTE 63kV N0 1 JARLARD;81004;Albi;;< 5 MW;zone soutirage;;;;;
JARNAP4;POSTE 90kV N0 1 JARNAC;16167;Jarnac;;< 5 MW;;;;;;
JEUXEP3;POSTE 63kV N0 1 JEUXEY;88253;Jeuxey;;< 5 MW;;;;;;
JOINVP3;POSTE 63kV N0 1 JOINVILLE;52250;Joinville;;< 5 MW;zone injection PV;du 1er mai au 2 septembre inclus;;;;
JONCHP3;POSTE 63kV N0 1 JONCHERE;77249;Lésigny;;< 5 MW;zone soutirage;;;;;
JONQUP3;POSTE 63kV N0 1 JONQUIERES;30135;Jonquières-Saint-Vincent;;< 5 MW;;;;;;
JONQUP6;POSTE 225kV N0 1 JONQUIERES;30135;Jonquières-Saint-Vincent;;< 5 MW;;;;;;
JONQUP7;POSTE 400kV N0 1 JONQUIERES;30135;Jonquières-Saint-Vincent;;< 5 MW;;;;;;
JONZAP4;POSTE 90kV N0 1 JONZAC;17197;Jonzac;;< 5 MW;zone soutirage;;;;;
JOSSEP3;POSTE 63kV N0 1 JOSSELIN;56091;Josselin;;< 5 MW;;;;;;
JOUQUP3;POSTE 63kV N0 1 JOUQUES;13048;Jouques;;< 5 MW;zone injection PV;du 1er mai au 2 septembre inclus;;;;
JOUX P3;POSTE 63kV N0 1 JOUX;69013;Arnas;;< 5 MW;zone soutirage;;;;;
JOUX P6;POSTE 225kV N0 1 JOUX;69013;Arnas;;< 5 MW;zone soutirage;;;;;
JUINEP4;POSTE 90kV N0 1 JUINE;91226;Étréchy;;< 5 MW;zone soutirage;;;;;
JUMEAP6;POSTE 225kV N0 1 JUMEAUX (LES);79016;Assais-les-Jumeaux;;< 5 MW;;;;;;
JUMEAP7;POSTE 400kV N0 1 JUMEAUX (LES);79016;Assais-les-Jumeaux;;< 5 MW;;;;;;
JUNIAP4;POSTE 90kV N0 1 JUNIAT;87002;Ambazac;;< 5 MW;;;;;;
JUSSAP4;POSTE 90kV N0 1 JUSSAC;15083;Jussac;;< 5 MW;zone injection PV;du 1er mai au 2 septembre inclus;;;;
KEMBSP3;POSTE 63kV N0 1 KEMBS;68163;Kembs;;< 5 MW;zone soutirage;;;;;
KEMBSP6;POSTE 225kV N0 1 KEMBS;68163;Kembs;;< 5 MW;zone soutirage;;;;;
KERBAP3;POSTE 63kV N0 1 KERBACH;57360;Kerbach;;< 5 MW;zone soutirage;;;;;
KERBIP3;POSTE 63kV N0 1 KERBILIGUET;29027;Châteauneuf-du-Faou;;< 5 MW;;;;;;
KERBOP3;POSTE 63kV N0 1 KERBOQUET;56151;Noyal-Pontivy;;< 5 MW;;;;;;
KERHEP3;POSTE 63kV N0 1 KERHELLEGAN;56168;Plouharnel;;< 5 MW;;;;;;
KERLIP3;POSTE 63kV N0 1 KERLIVIO;56101;Languidic;;< 5 MW;zone soutirage;;;;;
KEROLP3;POSTE 63kV N0 1 KEROLAY;56121;Lorient;;< 5 MW;zone soutirage;;;;;
KIR  P3;POSTE 63kV N0 1 KIR;21485;Plombières-lès-Dijon;;< 5 MW;zone soutirage;;;;;
L.BALP5;POSTE 150kV N0 1 LAU-BALAGNAS;65267;Lau-Balagnas;;< 5 MW;;;;;;
L.BARP3;POSTE 63kV N0 1 LIGNY-EN-BARROIS;55291;Ligny-en-Barrois;;< 5 MW;;;;;;
L.BEUP4;POSTE 90kV N0 1 LAMOTTE-BEUVRON;41106;Lamotte-Beuvron;;< 5 MW;zone soutirage;;;;;
L.CARP3;POSTE 63kV N0 1 LATOUR-DE-CAROL;66095;Latour-de-Carol;;< 5 MW;;;;;;
L.CE1P3;POSTE 63kV N0 1 LAVAL-DE-CERE I;19034;Camps-Saint-Mathurin-Léobazel;;< 5 MW;zone injection PV;du 1er mai au 2 septembre inclus;;;;
L.CHAP3;POSTE 63kV N0 1 LONG-CHAMP (LE);02230;Couvrelles;;< 5 MW;;;;;;
L.CHAP6;POSTE 225kV N0 1 LONG-CHAMP (LE);02230;Couvrelles;;< 5 MW;;;;;;
L.INAP3;POSTE 63kV N0 1 LABARTHE-INARD;31246;Labarthe-Inard;;< 5 MW;zone injection PV;du 1er mai au 2 septembre inclus;;;;
L.MONP3;POSTE 63kV N0 1 LAURAC-MONTREAL;07162;Montréal;;< 5 MW;;;;;;
L.NEUP3;POSTE 63kV N0 1 LOGIS-NEUF;26353;Les Tourrettes;;< 5 MW;zone soutirage;;;;;
L.NEUP6;POSTE 225kV N0 1 LOGIS-NEUF;26353;Les Tourrettes;;< 5 MW;zone soutirage;;;;;
L.OO P3;POSTE 63kV N0 1 LAC D OO;31042;Bagnères-de-Luchon;;< 5 MW;;;;;;
L.OO P5;POSTE 150kV N0 1 LAC D OO;31042;Bagnères-de-Luchon;;< 5 MW;;;;;;
L.OR P3;POSTE 63kV N0 1 LION D OR;44109;Nantes;;< 5 MW;;;;;;
L.OR P4;POSTE 90kV N0 1 LION D OR;44109;Nantes;;< 5 MW;;;;;;
L.ROUP3;POSTE 63kV N0 1 LACHAPELLE-SOUS-ROUGEMONT;90058;Lachapelle-sous-Rougemont;;< 5 MW;zone soutirage;;;;;
L.VIEP3;POSTE 63kV N0 1 LUNEL-VIEL;34146;Lunel-Viel;;< 5 MW;zone soutirage;;;;;
LABOUP3;POSTE 63kV N0 1 LABOUHEYRE;40134;Labouheyre;;< 5 MW;zone injection PV;du 1er mai au 2 septembre inclus;gabarit en injection;< 5 MW;Cantegrit;210 MW
LACABP3;POSTE 63kV N0 1 LACABAREDE;81278;Sauveterre;;< 5 MW;;;;;;
LACANP3;POSTE 63kV N0 1 LACANAU;33214;Lacanau;;< 5 MW;zone soutirage;;;;;
LACAUP3;POSTE 63kV N0 1 LACAUNE;81124;Lacaune;;< 5 MW;;;;;;
LAFOUP3;POSTE 63kV N0 1 LAFOURGUETTE;31555;Toulouse;;< 5 MW;zone soutirage;;;;;
LAIROP4;POSTE 90kV N0 1 LAIRON;50484;Saint-Hilaire-du-Harcouët;;< 5 MW;zone soutirage;;;;;
LAITIP4;POSTE 90kV N0 1 LAITIER (LE);86052;Champagné-Saint-Hilaire;;< 5 MW;;;;;;
LALBEP3;POSTE 63kV N0 1 LALBENQUE;46148;Lalbenque;;< 5 MW;zone soutirage;;;;;
LAMASP3;POSTE 63kV N0 1 LAMASTRE;07129;Lamastre;;< 5 MW;zone injection PV;du 1er mai au 2 septembre inclus;;;;
LAMBAP3;POSTE 63kV N0 1 LAMBALLE;22002;Andel;;< 5 MW;;;;;;
LAMO5P4;POSTE 90kV N0 1 LAMOTTE (-BREBIERE);80461;Lamotte-Brebière;;< 5 MW;;;;;;
LAND5P3;POSTE 63kV N0 1 LANDROFF;57379;Landroff;;< 5 MW;;;;;;
LANDEP3;POSTE 63kV N0 1 LANDERNEAU;29181;Plouédern;;< 5 MW;;;;;;
LANDEP6;POSTE 225kV N0 1 LANDERNEAU;29181;Plouédern;;< 5 MW;;;;;;
LANDIP3;POSTE 63kV N0 1 LANDIVISIAU;29105;Landivisiau;;< 5 MW;;;;;;
LANDRP3;POSTE 63kV N0 1 LANDRES;54425;Piennes;;< 5 MW;zone soutirage;;;;;
LANDRP6;POSTE 225kV N0 1 LANDRES;54425;Piennes;;< 5 MW;zone soutirage;;;;;
LANE6P3;POSTE 63kV N0 1 LANEUVELOTTE;54296;Laneuvelotte;;< 5 MW;zone soutirage;;;;;
LANEUP3;POSTE 63kV N0 1 LANEUVEVILLE;54300;Laneuveville-devant-Nancy;;< 5 MW;zone soutirage;;;;;
LANEUP6;POSTE 225kV N0 1 LANEUVEVILLE;54300;Laneuveville-devant-Nancy;;< 5 MW;zone soutirage;;;;;
LANFAP3;POSTE 63kV N0 1 LANFAINS;22099;Lanfains;;< 5 MW;;;;;;
LANG5P3;POSTE 63kV N0 1 LANGONNET;56100;Langonnet;;< 5 MW;zone soutirage;;;;;
LANG8P3;POSTE 63kV N0 1 LANGOGNE;48080;Langogne;;< 5 MW;zone injection PV;du 1er mai au 2 septembre inclus;;;;
LANGEP3;POSTE 63kV N0 1 LANGEAC;43132;Mazeyrat-d'Allier;;< 5 MW;zone injection PV;du 1er mai au 2 septembre inclus;;;;
LANGOP3;POSTE 63kV N0 1 LANGON;33227;Langon;;< 5 MW;zone soutirage;;;;;
LANNEP3;POSTE 63kV N0 1 LANNEMEZAN;65258;Lannemezan;;< 5 MW;zone injection PV;du 1er mai au 2 septembre inclus;;;;
LANNEP5;POSTE 150kV N0 1 LANNEMEZAN;65258;Lannemezan;;< 5 MW;zone injection PV;du 1er mai au 2 septembre inclus;;;;
LANNEP6;POSTE 225kV N0 1 LANNEMEZAN;65258;Lannemezan;;< 5 MW;zone injection PV;du 1er mai au 2 septembre inclus;;;;
LANNIP3;POSTE 63kV N0 1 LANNION;22211;Ploubezre;;< 5 MW;;;;;;
LANOBP4;POSTE 90kV N0 1 LANOBRE;15092;Lanobre;;< 5 MW;zone injection PV;du 1er mai au 2 septembre inclus;;;;
LANSLP3;POSTE 63kV N0 1 LANSLEBOURG;73290;Val-Cenis;;< 5 MW;;;;;;
LAON P3;POSTE 63kV N0 1 LAON;02408;Laon;;< 5 MW;;;;;;
LAPOUP3;POSTE 63kV N0 1 LAPOUTROIE;68175;Lapoutroie;;< 5 MW;zone soutirage;;;;;
LARCAP4;POSTE 90kV N0 1 LARCAY;37124;Larçay;;< 5 MW;zone soutirage;;;;;
LARCAP7;POSTE 400kV N0 1 LARCAY;37124;Larçay;;< 5 MW;;;;;;
LASSAP4;POSTE 90kV N0 1 LASSAY;53127;Lassay-les-Châteaux;;< 5 MW;;;;;;
LATENP6;POSTE 225kV N0 1 LATENA;60204;Écuvilly;;< 5 MW;;;;;;
LATENP7;POSTE 400kV N0 1 LATENA;60204;Écuvilly;;< 5 MW;;;;;;
LAUNAP4;POSTE 90kV N0 1 LAUNAY;50500;Saint-Laurent-de-Terregatte;;< 5 MW;zone soutirage;;;;;
LAUNAP6;POSTE 225kV N0 1 LAUNAY;50500;Saint-Laurent-de-Terregatte;;< 5 MW;zone soutirage;;;;;
LAUNAP7;POSTE 400kV N0 1 LAUNAY;50500;Saint-Laurent-de-Terregatte;;< 5 MW;;;;;;
LAURAP3;POSTE 63kV N0 1 LAURAS;12203;Roquefort-sur-Soulzon;;< 5 MW;zone injection PV;du 1er mai au 2 septembre inclus;;;;
LAUREP3;POSTE 63kV N0 1 LAURE;13043;Gignac-la-Nerthe;;< 5 MW;zone soutirage;;;;;
LAVAGP3;POSTE 63kV N0 1 LAVAGNAC;34285;Saint-Pons-de-Mauchiens;;< 5 MW;;;;;;
LAVALP4;POSTE 90kV N0 1 LAVAL;53130;Laval;;< 5 MW;zone soutirage;;;;;
LAVALP6;POSTE 225kV N0 1 LAVAL;53130;Laval;;< 5 MW;zone soutirage;;;;;
LAVANP3;POSTE 63kV N0 1 LAVANDOU (LE);83019;Bormes-les-Mimosas;;< 5 MW;zone soutirage;;;;;
LAVAUP4;POSTE 90kV N0 1 LAVAUD;23193;Sainte-Feyre;;< 5 MW;;;;;;
LAVE5P3;POSTE 63kV N0 1 LAVELINE;88262;Laveline-devant-Bruyères;;< 5 MW;zone soutirage;;;;;
LAVELP3;POSTE 63kV N0 1 LAVELANET;09160;Lavelanet;;< 5 MW;;;;;;
LAVERP3;POSTE 63kV N0 1 LAVERA;13056;Martigues;;< 5 MW;zone soutirage;;;;;
LAVERP6;POSTE 225kV N0 1 LAVERA;13056;Martigues;;< 5 MW;zone soutirage;;;;;
LAVEYP6;POSTE 225kV N0 1 LAVEYRUNE;07136;Laveyrune;;< 5 MW;;;;;;
LAVOIP3;POSTE 63kV N0 1 LAVOIR;21231;Dijon;;< 5 MW;zone soutirage;;;;;
LAXOUP3;POSTE 63kV N0 1 LAXOU;54304;Laxou;;< 5 MW;zone soutirage;;;;;
LECERP4;POSTE 90kV N0 1 LECERF;27151;Charleval;;< 5 MW;zone soutirage;;;;;
LEDARP3;POSTE 63kV N0 1 LEDAR;09261;Saint-Girons;;< 5 MW;zone injection PV;du 1er mai au 2 septembre inclus;;;;
LEGUEP3;POSTE 63kV N0 1 LEGUEVIN;31291;Léguevin;;< 5 MW;zone soutirage;;;;;
LEGUEP6;POSTE 225kV N0 1 LEGUEVIN;31291;Léguevin;;< 5 MW;zone soutirage;;;;;
LEGUGP3;POSTE 63kV N0 1 LEGUGNON;64422;Oloron-Sainte-Marie;;< 5 MW;;;;;;
LERE P3;POSTE 63kV N0 1 LERE;82037;Caussade;;< 5 MW;zone soutirage;;;;;
LESCAP3;POSTE 63kV N0 1 LESCAR;64335;Lescar;;< 5 MW;zone soutirage;;;;;
LESCAP6;POSTE 225kV N0 1 LESCAR;64335;Lescar;;< 5 MW;zone soutirage;;;;;
LESNEP3;POSTE 63kV N0 1 LESNEVEN;29124;Lesneven;;< 5 MW;;;;;;
LESP6P3;POSTE 63kV N0 1 LESPINET;31446;Ramonville-Saint-Agne;;< 5 MW;;;;;;
LESPAP3;POSTE 63kV N0 1 LESPARAT;24053;Boulazac Isle Manoire;;< 5 MW;zone soutirage;;;;;
LESPAP4;POSTE 90kV N0 1 LESPARAT;24053;Boulazac Isle Manoire;;< 5 MW;zone soutirage;;;;;
LESQUP3;POSTE 63kV N0 1 LESQUIVE;82075;Grisolles;;< 5 MW;zone soutirage;;;;;
LESQUP6;POSTE 225kV N0 1 LESQUIVE;82075;Grisolles;;< 5 MW;zone soutirage;;;;;
LESQUP7;POSTE 400kV N0 1 LESQUIVE;82075;Grisolles;;< 5 MW;;;;;;
LESTEP3;POSTE 63kV N0 1 LESTELLE;31296;Lestelle-de-Saint-Martory;;< 5 MW;zone injection PV;du 1er mai au 2 septembre inclus;;;;
LESURP3;POSTE 63kV N0 1 LESURCQ;77251;Lieusaint;;< 5 MW;zone soutirage;;;;;
LEVROP4;POSTE 90kV N0 1 LEVROUX;36093;Levroux;;< 5 MW;zone injection PV;du 1er mai au 2 septembre inclus;gabarit en injection;< 5 MW;Varennes;65 MW
LEZIGP3;POSTE 63kV N0 1 LEZIGNAN;11203;Lézignan-Corbières;;< 5 MW;zone injection PV;du 1er mai au 2 septembre inclus;gabarit en injection;< 5 MW;Liviere;55 MW
LIARTP3;POSTE 63kV N0 1 LIART;08254;Liart;;< 5 MW;;;;;;
LICESP3;POSTE 63kV N0 1 LICES (LES);83137;Toulon;;< 5 MW;zone soutirage;;;;;
LIEBVP3;POSTE 63kV N0 1 LIEBVILLERS;25335;Liebvillers;;< 5 MW;;;;;;
LIGNAP3;POSTE 63kV N0 1 LIGNAT;63350;Saint-Georges-sur-Allier;;< 5 MW;zone soutirage;;;;;
LIGNAP6;POSTE 225kV N0 1 LIGNAT;63350;Saint-Georges-sur-Allier;;< 5 MW;zone soutirage;;;;;
LIMANP3;POSTE 63kV N0 1 LIMANS;04104;Limans;;< 5 MW;;;;;;
LIMAYP3;POSTE 63kV N0 1 LIMAY;78335;Limay;;< 5 MW;zone soutirage;;;;;
LIMEUP6;POSTE 225kV N0 1 LIMEUX;80482;Limeux;;< 5 MW;;;;;;
LIMEUP7;POSTE 400kV N0 1 LIMEUX;80482;Limeux;;< 5 MW;;;;;;
LIMO5P3;POSTE 63kV N0 1 LIMOUX;11206;Limoux;;< 5 MW;;;;;;
LIMOUP3;POSTE 63kV N0 1 LIMOUZAT (LE);42276;Saint-Priest-la-Prugne;;< 5 MW;zone soutirage;;;;;
LINGOP3;POSTE 63kV N0 1 LINGOSTIERE;06088;Nice;;< 5 MW;zone soutirage;;;;;
LINGOP5;POSTE 150kV N0 1 LINGOSTIERE;06088;Nice;;< 5 MW;zone soutirage;;;;;
LINGOP6;POSTE 225kV N0 1 LINGOSTIERE;06088;Nice;;< 5 MW;zone soutirage;;;;;
LINGUP3;POSTE 63kV N0 1 LINGUET;51454;Reims;;< 5 MW;;;;;;
LINXEP3;POSTE 63kV N0 1 LINXE;40155;Linxe;;< 5 MW;zone soutirage;;;;;
LISIEP4;POSTE 90kV N0 1 LISIEUX;14366;Lisieux;;< 5 MW;zone soutirage;;;;;
LISLEP4;POSTE 90kV N0 1 LISLET;02433;Lislet;;< 5 MW;;;;;;
LISLOP3;POSTE 63kV N0 1 LISLOCH;29233;Quimperlé;;< 5 MW;zone soutirage;;;;;
LIVARP4;POSTE 90kV N0 1 LIVAROT;14371;Livarot-Pays-d'Auge;;< 5 MW;zone soutirage;;;;;
LIVIEP3;POSTE 63kV N0 1 LIVIERE;11262;Narbonne;;< 5 MW;zone injection PV;du 1er mai au 2 septembre inclus;gabarit en injection;< 5 MW;Liviere;55 MW
LIVIEP6;POSTE 225kV N0 1 LIVIERE;11262;Narbonne;;< 5 MW;zone injection PV;du 1er mai au 2 septembre inclus;gabarit en injection;< 5 MW;Liviere;55 MW
LIZY P3;POSTE 63kV N0 1 LIZY (-SUR-OURCQ);77257;Lizy-sur-Ourcq;;< 5 MW;zone soutirage;;;;;
LOCHEP4;POSTE 90kV N0 1 LOCHES;37132;Loches;;< 5 MW;zone soutirage;;;;;
LODEVP3;POSTE 63kV N0 1 LODEVE;34142;Lodève;;< 5 MW;;;;;;
LOGELP3;POSTE 63kV N0 1 LOGELBACH;68374;Wintzenheim;;< 5 MW;zone soutirage;;;;;
LOGELP6;POSTE 225kV N0 1 LOGELBACH;68374;Wintzenheim;;< 5 MW;zone soutirage;;;;;
LOGELP7;POSTE 400kV N0 1 LOGELBACH;68374;Wintzenheim;;< 5 MW;;;;;;
LOGERP4;POSTE 90kV N0 1 LOGERIE;27179;Courbépine;;< 5 MW;zone soutirage;;;;;
LOGESP4;POSTE 90kV N0 1 LOGES (LES);91552;Saint-Germain-lès-Arpajon;;< 5 MW;zone soutirage;;;;;
LOGESP6;POSTE 225kV N0 1 LOGES (LES);91552;Saint-Germain-lès-Arpajon;;< 5 MW;zone soutirage;;;;;
LOINGP3;POSTE 63kV N0 1 LOING;77079;Champagne-sur-Seine;;< 5 MW;zone soutirage;;;;;
LOISIP4;POSTE 90kV N0 1 LOISIVIERE;61168;La Ferté Macé;;< 5 MW;;;;;;
LONG5P3;POSTE 63kV N0 1 LONGUYON;54322;Longuyon;;< 5 MW;;;;;;
LONG6P3;POSTE 63kV N0 1 LONGEFAN;73248;Saint-Jean-de-Maurienne;;< 5 MW;;;;;;
LONG6P6;POSTE 225kV N0 1 LONGEFAN;73248;Saint-Jean-de-Maurienne;;< 5 MW;;;;;;
LONG7P4;POSTE 90kV N0 1 LONGEVILLE;85127;Longeville-sur-Mer;;< 5 MW;zone soutirage;;;;;
LONG8P4;POSTE 90kV N0 1 LONGUE;49180;Longué-Jumelles;;< 5 MW;zone soutirage;;;;;
LONG9P4;POSTE 90kV N0 1 LONGUENESSE;62525;Longuenesse;;< 5 MW;;;;;;
LONG9P6;POSTE 225kV N0 1 LONGUENESSE;62525;Longuenesse;;< 5 MW;;;;;;
LONNYP7;POSTE 400kV N0 1 LONNY;08212;Harcy;;< 5 MW;;;;;;
LORIEP3;POSTE 63kV N0 1 LORIENT;56121;Lorient;;< 5 MW;zone soutirage;;;;;
LORIOP3;POSTE 63kV N0 1 LORIOL;26166;Loriol-sur-Drôme;;< 5 MW;zone soutirage;;;;;
LOSCOP3;POSTE 63kV N0 1 LOSCOAT;29019;Brest;;< 5 MW;;;;;;
LOSCOP6;POSTE 225kV N0 1 LOSCOAT;29019;Brest;;< 5 MW;;;;;;
LOUBEP4;POSTE 90kV N0 1 LOUBERT;16192;Terres-de-Haute-Charente;;< 5 MW;zone injection PV;du 1er mai au 2 septembre inclus;;;;
LOUD7P3;POSTE 63kV N0 1 LOUDENVIELLE (RTE);65282;Loudenvielle;;< 5 MW;zone injection PV;du 1er mai au 2 septembre inclus;;;;
LOUDEP3;POSTE 63kV N0 1 LOUDEAC;22136;Loudéac;;< 5 MW;;;;;;
LOUDUP4;POSTE 90kV N0 1 LOUDUN;86137;Loudun;;< 5 MW;zone injection PV;du 1er mai au 2 septembre inclus;gabarit en injection;< 5 MW;Airvault;55 MW
LOUHAP3;POSTE 63kV N0 1 LOUHANS;71263;Louhans;;< 5 MW;zone soutirage;;;;;
LOUISP4;POSTE 90kV N0 1 LOUISFERT;44085;Louisfert;;< 5 MW;zone injection PV;du 1er mai au 2 septembre inclus;;;;
LOUISP7;POSTE 400kV N0 1 LOUISFERT;44085;Louisfert;;< 5 MW;;;;;;
LOUPIP3;POSTE 63kV N0 1 LOUPIAN;34143;Loupian;;< 5 MW;zone soutirage;;;;;
LOUSLP3;POSTE 63kV N0 1 LOUSLITGES;32217;Louslitges;;< 5 MW;zone injection PV;du 1er mai au 2 septembre inclus;gabarit en injection;< 5 MW;Jalis;105 MW
LOUVEP3;POSTE 63kV N0 1 LOUVECIENNES;78126;La Celle-Saint-Cloud;;< 5 MW;zone soutirage;;;;;
LUBERP4;POSTE 90kV N0 1 LUBERSAC;19121;Lubersac;;< 5 MW;;;;;;
LUC  P3;POSTE 63kV N0 1 LUC (LE);82112;Moissac;;< 5 MW;zone soutirage;;;;;
LUCY P3;POSTE 63kV N0 1 LUCY;71306;Montceau-les-Mines;;< 5 MW;zone soutirage;;;;;
LUDE P4;POSTE 90kV N0 1 LUDE (LE);72176;Le Lude;;< 5 MW;zone soutirage;;;;;
LUDREP3;POSTE 63kV N0 1 LUDRES;54328;Ludres;;< 5 MW;zone soutirage;;;;;
LUGRAP3;POSTE 63kV N0 1 LUGRA;65447;Tournay;;< 5 MW;;;;;;
LUISAP4;POSTE 90kV N0 1 LUISANT;28220;Luisant;;< 5 MW;;;;;;
LUMBRP4;POSTE 90kV N0 1 LUMBRES;62534;Lumbres;;< 5 MW;;;;;;
LUMESP3;POSTE 63kV N0 1 LUMES;08263;Lumes;;< 5 MW;zone soutirage;;;;;
LUMESP6;POSTE 225kV N0 1 LUMES;08263;Lumes;;< 5 MW;zone soutirage;;;;;
LUNESP3;POSTE 63kV N0 1 LUNES;11262;Narbonne;zone faisant l'objet de demandes;< 5 MW;zone injection PV;du 1er mai au 2 septembre inclus;gabarit en injection;50 MW;Liviere;55 MW
LURE P3;POSTE 63kV N0 1 LURE;70310;Lure;;< 5 MW;zone soutirage;;;;;
LUTTEP3;POSTE 63kV N0 1 LUTTERBACH;68195;Lutterbach;;< 5 MW;zone soutirage;;;;;
LUTTEP6;POSTE 225kV N0 1 LUTTERBACH;68195;Lutterbach;;< 5 MW;zone soutirage;;;;;
LUXE P4;POSTE 90kV N0 1 LUXE;16196;Luxé;;< 5 MW;;;;;;
LUXEUP3;POSTE 63kV N0 1 LUXEUIL;70311;Luxeuil-les-Bains;;< 5 MW;;;;;;
LUXEYP3;POSTE 63kV N0 1 LUXEY;40167;Luxey;;< 5 MW;zone soutirage;;;;;
LUZ  P3;POSTE 63kV N0 1 LUZ;65411;Sassis;;< 5 MW;;;;;;
LUZE P3;POSTE 63kV N0 1 LUZE (DE);33063;Bordeaux;;< 5 MW;zone soutirage;;;;;
LUZI1P3;POSTE 63kV N0 1 LUZIERES I;81305;Vabre;;< 5 MW;;;;;;
M.ACHP4;POSTE 90kV N0 1 MOTHE ACHARD;85152;Les Achards;;< 5 MW;zone soutirage;;;;;
M.BRUP3;POSTE 63kV N0 1 MAS-BRUNO;66136;Perpignan;;< 5 MW;;;;;;
M.BRUP5;POSTE 150kV N0 1 MAS-BRUNO;66136;Perpignan;;< 5 MW;;;;;;
M.BRUP6;POSTE 225kV N0 1 MAS-BRUNO;66136;Perpignan;;< 5 MW;;;;;;
M.CAMP3;POSTE 63kV N0 1 MAL CAMPEE (LA);08137;Damouzy;;< 5 MW;zone soutirage;;;;;
M.GOUP3;POSTE 63kV N0 1 MAS-DE-GOUIN;13097;Saint-Martin-de-Crau;;< 5 MW;;;;;;
M.HERP4;POSTE 90kV N0 1 MOTHE-ST-HERAY (LA);79184;La Mothe-Saint-Héray;;< 5 MW;;;;;;
M.LANP3;POSTE 63kV N0 1 MONTAGNY-LES-LANCHES;74186;Montagny-les-Lanches;;< 5 MW;;;;;;
M.LANP7;POSTE 400kV N0 1 MONTAGNY-LES-LANCHES;74186;Montagny-les-Lanches;;< 5 MW;;;;;;
M.LOUP3;POSTE 63kV N0 1 MARIE-LOUISE;68321;Staffelfelden;;< 5 MW;zone soutirage;;;;;
M.MA5P6;POSTE 225kV N0 1 MT-SAINT-MARTIN;54382;Mont-Saint-Martin;;< 5 MW;;;;;;
M.MARP3;POSTE 63kV N0 1 MONT-DE-MARSAN;40192;Mont-de-Marsan;;< 5 MW;;;;;;
M.MORP3;POSTE 63kV N0 1 MITRY-MORY (E.D.F.);77294;Mitry-Mory;;< 5 MW;zone soutirage;;;;;
M.MORP6;POSTE 225kV N0 1 MITRY-MORY (E.D.F.);77294;Mitry-Mory;;< 5 MW;zone soutirage;;;;;
M.NOUP3;POSTE 63kV N0 1 MAS-NOU;66164;Rivesaltes;;< 5 MW;zone injection PV;du 1er mai au 2 septembre inclus;gabarit en injection;< 5 MW;Baixas;210 MW
M.PINP4;POSTE 90kV N0 1 MONT-PINSON;08416;Seuil;;< 5 MW;;;;;;
M.ROIP3;POSTE 63kV N0 1 MONTIGNY-LE-ROI;52332;Val-de-Meuse;;< 5 MW;;;;;;
M.SEIP4;POSTE 90kV N0 1 MERY-SUR-SEINE;10233;Méry-sur-Seine;;< 5 MW;;;;;;
M.SEIP7;POSTE 400kV N0 1 MERY-SUR-SEINE;10233;Méry-sur-Seine;;< 5 MW;;;;;;
M.SENP3;POSTE 63kV N0 1 MIRAMONT-SENSACQ;40185;Miramont-Sensacq;;< 5 MW;zone soutirage;;;;;
M.VEYP3;POSTE 63kV N0 1 MARTRES DE VEYRE;63214;Les Martres-de-Veyre;;< 5 MW;zone soutirage;;;;;
M.VIRP4;POSTE 90kV N0 1 MONCEAUX-LA-VIROLE;19112;Lestards;;< 5 MW;zone injection PV;du 1er mai au 2 septembre inclus;;;;
MAC.SP3;POSTE 63kV N0 1 MACON-SUD;71270;Mâcon;;< 5 MW;zone soutirage;;;;;
MACHEP3;POSTE 63kV N0 1 MACHECOUL;44087;Machecoul-Saint-Même;;< 5 MW;;;;;;
MACONP3;POSTE 63kV N0 1 MACON;71105;Charnay-lès-Mâcon;;< 5 MW;zone soutirage;;;;;
MACONP6;POSTE 225kV N0 1 MACON;71105;Charnay-lès-Mâcon;;< 5 MW;zone soutirage;;;;;
MAGN5P4;POSTE 90kV N0 1 MAGNAZEIX;87160;Saint-Léger-Magnazeix;;< 5 MW;zone injection PV;du 1er mai au 2 septembre inclus;;;;
MAGNAP4;POSTE 90kV N0 1 MAGNANVILLE;78354;Magnanville;;< 5 MW;zone soutirage;;;;;
MAGNYP3;POSTE 63kV N0 1 MAGNY(-SUR TILLE);21370;Magny-sur-Tille;;< 5 MW;zone soutirage;;;;;
MAGREP4;POSTE 90kV N0 1 MAGRE;87085;Limoges;;< 5 MW;;;;;;
MAICHP3;POSTE 63kV N0 1 MAICHE;25356;Maîche;;< 5 MW;;;;;;
MAIE P4;POSTE 90kV N0 1 MAIE  (LA);62023;Allouagne;;< 5 MW;;;;;;
MAINTP4;POSTE 90kV N0 1 MAINTENON;28227;Maintenon;;< 5 MW;;;;;;
MALA6P6;POSTE 225kV N0 1 MALASSIS;93048;Montreuil;;< 5 MW;zone soutirage;;;;;
MALADP3;POSTE 63kV N0 1 MALADIERE (LA);10362;Sainte-Savine;;< 5 MW;;;;;;
MALAGP4;POSTE 90kV N0 1 MALAGUAY;28085;Chartres;;< 5 MW;;;;;;
MALE5P3;POSTE 63kV N0 1 MALESTROIT;56124;Malestroit;;< 5 MW;;;;;;
MALECP6;POSTE 225kV N0 1 MALECOT;77152;Dammarie-les-Lys;;< 5 MW;zone soutirage;;;;;
MALESP3;POSTE 63kV N0 1 MALESHERBES;45191;Le Malesherbois;;< 5 MW;;;;;;
MALGOP3;POSTE 63kV N0 1 MALGOVERT;73285;Séez;;< 5 MW;zone soutirage;;;;;
MALGOP6;POSTE 225kV N0 1 MALGOVERT;73285;Séez;;< 5 MW;zone soutirage;;;;;
MALINP3;POSTE 63kV N0 1 MALINTRAT;63204;Malintrat;;< 5 MW;zone soutirage;;;;;
MALINP6;POSTE 225kV N0 1 MALINTRAT;63204;Malintrat;;< 5 MW;zone soutirage;;;;;
MALL6P3;POSTE 63kV N0 1 MALLEMORT;13053;Mallemort;;< 5 MW;zone soutirage;;;;;
MALMAP4;POSTE 90kV N0 1 MALMAISON;27355;Ivry-la-Bataille;;< 5 MW;zone soutirage;;;;;
MALPLP4;POSTE 90kV N0 1 MALPLAQUET;59279;Halluin;;< 5 MW;zone soutirage;;;;;
MALVIP6;POSTE 225kV N0 1 MALVILLERS;70329;Malvillers;;< 5 MW;;;;;;
MAMBEP6;POSTE 225kV N0 1 MAMBELIN;25187;Dambelin;;< 5 MW;zone soutirage;;;;;
MAMBEP7;POSTE 400kV N0 1 MAMBELIN;25187;Dambelin;;< 5 MW;;;;;;
MAMERP4;POSTE 90kV N0 1 MAMERS;72295;Saint-Longis;;< 5 MW;;;;;;
MANCIP3;POSTE 63kV N0 1 MANCIOUX;31314;Mancioux;;< 5 MW;zone injection PV;du 1er mai au 2 septembre inclus;;;;
MANDAP4;POSTE 90kV N0 1 MANDARINS;62156;Bonningues-lès-Calais;;< 5 MW;;;;;;
MANDAP6;POSTE 225kV N0 1 MANDARINS;62156;Bonningues-lès-Calais;;< 5 MW;;;;;;
MANDAP7;POSTE 400kV N0 1 MANDARINS;62156;Bonningues-lès-Calais;;< 5 MW;;;;;;
MANEGP3;POSTE 63kV N0 1 MANEGUEN;56036;Caudan;;< 5 MW;zone soutirage;;;;;
MANO5P3;POSTE 63kV N0 1 MANOISE;02157;Chambry;;< 5 MW;;;;;;
MANOIP4;POSTE 90kV N0 1 MANOIR (LE);27458;Pîtres;;< 5 MW;zone soutirage;;;;;
MANOIP6;POSTE 225kV N0 1 MANOIR (LE);27458;Pîtres;;< 5 MW;zone soutirage;;;;;
MANOMP3;POSTE 63kV N0 1 MANOM;57672;Thionville;;< 5 MW;;;;;;
MANSAP4;POSTE 90kV N0 1 MANSAT;23122;Mansat-la-Courrière;;< 5 MW;zone injection PV;du 1er mai au 2 septembre inclus;;;;
MANSLP4;POSTE 90kV N0 1 MANSLE;16206;Mansle-les-Fontaines;;< 5 MW;;;;;;
MARA7P4;POSTE 90kV N0 1 MARANS;17218;Marans;;< 5 MW;zone soutirage;;;;;
MARAIP4;POSTE 90kV N0 1 MARAIS (LE);27562;Saint-Marcel;;< 5 MW;zone soutirage;;;;;
MARC5P4;POSTE 90kV N0 1 MARCILLAC;19125;Marcillac-la-Croisille;;< 5 MW;;;;;;
MARC6P3;POSTE 63kV N0 1 MARCILLY;21383;Marcilly-sur-Tille;;< 5 MW;zone soutirage;;;;;
MARCHP4;POSTE 90kV N0 1 MARCHAIS;45285;Saint-Jean-de-la-Ruelle;;< 5 MW;zone soutirage;;;;;
MARCIP3;POSTE 63kV N0 1 MARCIGNY;71275;Marcigny;;< 5 MW;;;;;;
MARCKP3;POSTE 63kV N0 1 MARCKOLSHEIM;67281;Marckolsheim;;< 5 MW;;;;;;
MARCKP6;POSTE 225kV N0 1 MARCKOLSHEIM;67281;Marckolsheim;;< 5 MW;;;;;;
MARGAP3;POSTE 63kV N0 1 MARGAUX;33268;Margaux-Cantenac;;< 5 MW;zone soutirage;;;;;
MARGEP3;POSTE 63kV N0 1 MARGERIDE;48140;Saint-Chély-d'Apcher;;< 5 MW;zone injection PV;du 1er mai au 2 septembre inclus;;;;
MARGEP6;POSTE 225kV N0 1 MARGERIDE;48140;Saint-Chély-d'Apcher;;< 5 MW;zone injection PV;du 1er mai au 2 septembre inclus;;;;
MARI6P3;POSTE 63kV N0 1 MARIE;26281;Romans-sur-Isère;;< 5 MW;zone injection PV;du 1er mai au 2 septembre inclus;;;;
MARIEP3;POSTE 63kV N0 1 MARIENAU;57484;Morsbach;;< 5 MW;zone soutirage;;;;;
MARL6P6;POSTE 225kV N0 1 MARLENHEIM;67282;Marlenheim;;< 5 MW;zone soutirage;;;;;
MARL6P7;POSTE 400kV N0 1 MARLENHEIM;67282;Marlenheim;;< 5 MW;;;;;;
MARLEP4;POSTE 90kV N0 1 MARLE;02468;Marle;;< 5 MW;;;;;;
MARM5P3;POSTE 63kV N0 1 MARMANDE;47157;Marmande;;< 5 MW;zone soutirage;;;;;
MARMAP4;POSTE 90kV N0 1 MARMAGNE;18138;Marmagne;;< 5 MW;zone injection PV;du 1er mai au 2 septembre inclus;;;;
MARMAP6;POSTE 225kV N0 1 MARMAGNE;18138;Marmagne;;< 5 MW;zone injection PV;du 1er mai au 2 septembre inclus;;;;
MARMAP7;POSTE 400kV N0 1 MARMAGNE;18138;Marmagne;;< 5 MW;;;;;;
MARN5P4;POSTE 90kV N0 1 MARNIERE;27448;Pacy-sur-Eure;;< 5 MW;zone soutirage;;;;;
MARNAP3;POSTE 63kV N0 1 MARNAVAL;52448;Saint-Dizier;;< 5 MW;;;;;;
MARNIP3;POSTE 63kV N0 1 MARNISE (LA);01061;Brens;;< 5 MW;zone soutirage;;;;;
MAROLP3;POSTE 63kV N0 1 MAROLLES;51352;Marolles;;< 5 MW;zone injection PV;du 1er mai au 2 septembre inclus;;;;
MAROLP6;POSTE 225kV N0 1 MAROLLES;51352;Marolles;;< 5 MW;zone injection PV;du 1er mai au 2 septembre inclus;;;;
MARSAP3;POSTE 63kV N0 1 MARSAC;24256;Marsac-sur-l'Isle;;< 5 MW;zone soutirage;;;;;
MARSIP3;POSTE 63kV N0 1 MARSILLON;64431;Os-Marsillon;;< 5 MW;;;;;;
MARSIP6;POSTE 225kV N0 1 MARSILLON;64431;Os-Marsillon;;< 5 MW;;;;;;
MARSIP7;POSTE 400kV N0 1 MARSILLON;64431;Os-Marsillon;;< 5 MW;;;;;;
MARTYP6;POSTE 225kV N0 1 MARTYRE (LA);29144;La Martyre;;< 5 MW;;;;;;
MARTYP7;POSTE 400kV N0 1 MARTYRE (LA);29144;La Martyre;;< 5 MW;;;;;;
MARZAP3;POSTE 63kV N0 1 MARZAN;56126;Marzan;;< 5 MW;zone soutirage;;;;;
MARZEP3;POSTE 63kV N0 1 MARZENS;81157;Marzens;;< 5 MW;;;;;;
MASEVP3;POSTE 63kV N0 1 MASEVAUX;68201;Masevaux-Niederbruck;;< 5 MW;zone soutirage;;;;;
MASQUP3;POSTE 63kV N0 1 MASQUET;33284;Mios;;< 5 MW;zone soutirage;;;;;
MASQUP6;POSTE 225kV N0 1 MASQUET;33284;Mios;;< 5 MW;zone soutirage;;;;;
MASSIP3;POSTE 63kV N0 1 MASSIAC;15119;Massiac;;< 5 MW;zone injection PV;du 1er mai au 2 septembre inclus;;;;
MASTAP4;POSTE 90kV N0 1 MASTAING;59391;Mastaing;;< 5 MW;;;;;;
MASTAP6;POSTE 225kV N0 1 MASTAING;59391;Mastaing;;< 5 MW;;;;;;
MASTAP7;POSTE 400kV N0 1 MASTAING;59391;Mastaing;;< 5 MW;;;;;;
MATELP3;POSTE 63kV N0 1 MATEL;42187;Roanne;;< 5 MW;;;;;;
MATHAP4;POSTE 90kV N0 1 MATHA;17048;Blanzac-lès-Matha;;< 5 MW;;;;;;
MATHAP6;POSTE 225kV N0 1 MATHA;17048;Blanzac-lès-Matha;;< 5 MW;;;;;;
MATZ P3;POSTE 63kV N0 1 MATZ (RESSONS-SUR);60533;Ressons-sur-Matz;;< 5 MW;;;;;;
MAUBEP4;POSTE 90kV N0 1 MAUBEUGE;59365;Louvroil;;< 5 MW;;;;;;
MAUBEP6;POSTE 225kV N0 1 MAUBEUGE;59365;Louvroil;;< 5 MW;;;;;;
MAUBOP3;POSTE 63kV N0 1 MAUBOURGUET;65304;Maubourguet;;< 5 MW;zone soutirage;;;;;
MAUGEP4;POSTE 90kV N0 1 MAUGES (LES);49218;Montrevault-sur-Èvre;;< 5 MW;;;;;;
MAUGEP6;POSTE 225kV N0 1 MAUGES (LES);49218;Montrevault-sur-Èvre;;< 5 MW;;;;;;
MAUGUP3;POSTE 63kV N0 1 MAUGUIO;34154;Mauguio;;< 5 MW;zone soutirage;;;;;
MAUPAP3;POSTE 63kV N0 1 MAUPAS (A CONTAULT);51166;Contault;;< 5 MW;;;;;;
MAUREP4;POSTE 90kV N0 1 MAUREIX (LE);87167;Saint-Martin-Terressus;;< 5 MW;zone injection PV;du 1er mai au 2 septembre inclus;;;;
MAUREP6;POSTE 225kV N0 1 MAUREIX (LE);87167;Saint-Martin-Terressus;;< 5 MW;zone injection PV;du 1er mai au 2 septembre inclus;;;;
MAURIP4;POSTE 90kV N0 1 MAURIAC;15120;Mauriac;;< 5 MW;zone injection PV;du 1er mai au 2 septembre inclus;;;;
MAUZAP3;POSTE 63kV N0 1 MAUZAC;24073;Calès;;< 5 MW;;;;;;
MAYENP4;POSTE 90kV N0 1 MAYENNE;53147;Mayenne;;< 5 MW;;;;;;
MAYETP3;POSTE 63kV N0 1 MAYET;24462;Saint-Médard-de-Mussidan;;< 5 MW;zone soutirage;;;;;
MAZAMP3;POSTE 63kV N0 1 MAZAMET;81021;Aussillon;;< 5 MW;;;;;;
MAZARP6;POSTE 225kV N0 1 MAZARGUES;13055;Marseille;;< 5 MW;zone soutirage;;;;;
MAZE P4;POSTE 90kV N0 1 MAZE;49194;Mazé-Milon;;< 5 MW;zone soutirage;;;;;
MAZIEP4;POSTE 90kV N0 1 MAZIERES;18033;Bourges;;< 5 MW;zone injection PV;du 1er mai au 2 septembre inclus;;;;
MAZURP6;POSTE 225kV N0 1 MAZURES;08284;Les Mazures;;< 5 MW;zone soutirage;;;;;
MAZURP7;POSTE 400kV N0 1 MAZURES;08284;Les Mazures;;< 5 MW;;;;;;
MEDE P3;POSTE 63kV N0 1 MEDE (LA);13026;Châteauneuf-les-Martigues;;< 5 MW;zone soutirage;;;;;
MEDOCP3;POSTE 63kV N0 1 MEDOC (LESPARRE);33240;Lesparre-Médoc;;< 5 MW;zone soutirage;;;;;
MEGEVP3;POSTE 63kV N0 1 MEGEVE;74173;Megève;;< 5 MW;zone soutirage;;;;;
MEHUNP4;POSTE 90kV N0 1 MEHUN (-SUR-YEVRE);18141;Mehun-sur-Yèvre;;< 5 MW;zone injection PV;du 1er mai au 2 septembre inclus;;;;
MELGVP3;POSTE 63kV N0 1 MELGVEN;29146;Melgven;;< 5 MW;zone soutirage;;;;;
MELI5P3;POSTE 63kV N0 1 MELINCOLS;39500;Salins-les-Bains;;< 5 MW;zone soutirage;;;;;
MELLEP4;POSTE 90kV N0 1 MELLE;79174;Melle;;< 5 MW;;;;;;
MENDEP3;POSTE 63kV N0 1 MENDE;48095;Mende;;< 5 MW;zone injection PV;du 1er mai au 2 septembre inclus;;;;
MENTOP3;POSTE 63kV N0 1 MENTON;06083;Menton;;< 5 MW;zone soutirage;;;;;
MENTOP6;POSTE 225kV N0 1 MENTON;06083;Menton;;< 5 MW;zone soutirage;;;;;
MENUEP7;POSTE 400kV N0 1 MENUEL;50176;L'Étang-Bertrand;;< 5 MW;;;;;;
MENUIP3;POSTE 63kV N0 1 MENUIRES (LES);73257;Les Belleville;;< 5 MW;zone soutirage;;;;;
MERANP3;POSTE 63kV N0 1 MERANTAIS;78356;Magny-les-Hameaux;;< 5 MW;zone soutirage;;;;;
MERDRP3;POSTE 63kV N0 1 MERDRIGNAC;22147;Merdrignac;;< 5 MW;;;;;;
MERIGP3;POSTE 63kV N0 1 MERIGNAC;33281;Mérignac;;< 5 MW;zone soutirage;;;;;
MERLAP4;POSTE 90kV N0 1 MERLATIERE;85142;La Merlatière;;< 5 MW;zone soutirage;;;;;
MERLAP6;POSTE 225kV N0 1 MERLATIERE;85142;La Merlatière;;< 5 MW;zone soutirage;;;;;
MESNAP3;POSTE 63kV N0 1 MESNAY;39013;Arbois;;< 5 MW;zone soutirage;;;;;
MESNIP4;POSTE 90kV N0 1 MESNIL;50139;Condé-sur-Vire;;< 5 MW;zone soutirage;;;;;
MESSAP4;POSTE 90kV N0 1 MESSAC;35176;Guipry-Messac;;< 5 MW;zone injection PV;du 1er mai au 2 septembre inclus;;;;
MEXIMP3;POSTE 63kV N0 1 MEXIMIEUX;01244;Meximieux;;< 5 MW;zone soutirage;;;;;
MEXY P3;POSTE 63kV N0 1 MEXY;54367;Mexy;;< 5 MW;;;;;;
MEYLAP3;POSTE 63kV N0 1 MEYLAN;38229;Meylan;;< 5 MW;zone soutirage;;;;;
MEYMEP3;POSTE 63kV N0 1 MEYMES;46225;Prayssac;;< 5 MW;zone injection PV;du 1er mai au 2 septembre inclus;;;;
MEYRAP3;POSTE 63kV N0 1 MEYRARGUES;13059;Meyrargues;;< 5 MW;;;;;;
MEYZIP3;POSTE 63kV N0 1 MEYZIEU;69282;Meyzieu;;< 5 MW;zone soutirage;;;;;
MEYZIP6;POSTE 225kV N0 1 MEYZIEU;69282;Meyzieu;;< 5 MW;zone soutirage;;;;;
MEZE5P6;POSTE 225kV N0 1 MEZEROLLES;78070;Boinville-en-Mantois;;< 5 MW;zone soutirage;;;;;
MEZE5P7;POSTE 400kV N0 1 MEZEROLLES;78070;Boinville-en-Mantois;;< 5 MW;;;;;;
MEZELP3;POSTE 63kV N0 1 MEZEL;63226;Mur-sur-Allier;;< 5 MW;zone soutirage;;;;;
MEZINP3;POSTE 63kV N0 1 MEZIN;47167;Mézin;;< 5 MW;;;;;;
MIDOUP3;POSTE 63kV N0 1 MIDOUR;32296;Nogaro;;< 5 MW;;;;;;
MIEGEP3;POSTE 63kV N0 1 MIEGEBAT;64320;Laruns;;< 5 MW;;;;;;
MIGENP3;POSTE 63kV N0 1 MIGENNES;89099;Cheny;;< 5 MW;zone soutirage;;;;;
MILL5P3;POSTE 63kV N0 1 MILLERY;69133;Millery;;< 5 MW;zone soutirage;;;;;
MILLAP3;POSTE 63kV N0 1 MILLAU;12145;Millau;;< 5 MW;zone injection PV;du 1er mai au 2 septembre inclus;;;;
MILLEP3;POSTE 63kV N0 1 MILLERY;54369;Millery;;< 5 MW;;;;;;
MIMIZP3;POSTE 63kV N0 1 MIMIZAN;40184;Mimizan;;< 5 MW;zone injection PV;du 1er mai au 2 septembre inclus;gabarit en injection;< 5 MW;Cantegrit;210 MW
MINERP7;POSTE 400kV N0 1 MINERALIER;13039;Fos-sur-Mer;;< 5 MW;;;;;;
MINIEP4;POSTE 90kV N0 1 MINIERES (LES);86293;Vivonne;;< 5 MW;;;;;;
MINIHP3;POSTE 63kV N0 1 MINIHY;22152;Minihy-Tréguier;;< 5 MW;;;;;;
MIONSP3;POSTE 63kV N0 1 MIONS;69289;Saint-Pierre-de-Chandieu;;< 5 MW;zone soutirage;;;;;
MIONSP6;POSTE 225kV N0 1 MIONS;69289;Saint-Pierre-de-Chandieu;;< 5 MW;zone soutirage;;;;;
MIONSP7;POSTE 400kV N0 1 MIONS;69289;Saint-Pierre-de-Chandieu;;< 5 MW;;;;;;
MIRAMP3;POSTE 63kV N0 1 MIRAMAS;13063;Miramas;;< 5 MW;zone injection PV;du 1er mai au 2 septembre inclus;;;;
MIRANP3;POSTE 63kV N0 1 MIRANDE;32256;Mirande;;< 5 MW;zone injection PV;du 1er mai au 2 septembre inclus;gabarit en injection;< 5 MW;Jalis;105 MW
MIRECP3;POSTE 63kV N0 1 MIRECOURT;88304;Mirecourt;;< 5 MW;;;;;;
MIREPP3;POSTE 63kV N0 1 MIREPOIX;09194;Mirepoix;;< 5 MW;zone injection PV;du 1er mai au 2 septembre inclus;;;;
MIRIBP3;POSTE 63kV N0 1 MIRIBEL;01249;Miribel;;< 5 MW;zone soutirage;;;;;
MIST5P3;POSTE 63kV N0 1 MISTROU;12216;Saint-Côme-d'Olt;;< 5 MW;;;;;;
MOFFLP4;POSTE 90kV N0 1 MOFFLAINES;62817;Tilloy-lès-Mofflaines;;< 5 MW;;;;;;
MOHONP3;POSTE 63kV N0 1 MOHON;08480;Villers-Semeuse;;< 5 MW;zone soutirage;;;;;
MOIMOP6;POSTE 225kV N0 1 MOIMONT;95580;Saint-Witz;;< 5 MW;zone soutirage;;;;;
MOINGP3;POSTE 63kV N0 1 MOINGT;42147;Montbrison;;< 5 MW;zone soutirage;;;;;
MOIRAP3;POSTE 63kV N0 1 MOIRANS;38239;Moirans;;< 5 MW;zone soutirage;;;;;
MOIRAP6;POSTE 225kV N0 1 MOIRANS;38239;Moirans;;< 5 MW;zone soutirage;;;;;
MOISYP4;POSTE 90kV N0 1 MOISY;41273;Vievy-le-Rayé;;< 5 MW;zone soutirage;;;;;
MOLE P4;POSTE 90kV N0 1 MOLE (LA);19113;Liginiac;;< 5 MW;zone injection PV;du 1er mai au 2 septembre inclus;;;;
MOLE P6;POSTE 225kV N0 1 MOLE (LA);19113;Liginiac;;< 5 MW;zone injection PV;du 1er mai au 2 septembre inclus;;;;
MOLIEP4;POSTE 90kV N0 1 MOLIERE;72151;Juigné-sur-Sarthe;;< 5 MW;zone soutirage;;;;;
MOLIEP7;POSTE 400kV N0 1 MOLIERE;72151;Juigné-sur-Sarthe;;< 5 MW;;;;;;
MOLINP3;POSTE 63kV N0 1 MOLINONS;89261;Molinons;;< 5 MW;zone soutirage;;;;;
MOLLEP3;POSTE 63kV N0 1 MOLLEPIERRE;71073;Chagny;;< 5 MW;zone soutirage;;;;;
MONASP3;POSTE 63kV N0 1 MONASTIER (LE);48099;Bourgs sur Colagne;;< 5 MW;zone injection PV;du 1er mai au 2 septembre inclus;;;;
MOND5P3;POSTE 63kV N0 1 MONDELANGE;57474;Mondelange;;< 5 MW;zone soutirage;;;;;
MONDIP6;POSTE 225kV N0 1 MONDION;86162;Mondion;;< 5 MW;zone soutirage;;;;;
MONLOP3;POSTE 63kV N0 1 MONLOO;65059;Bagnères-de-Bigorre;;< 5 MW;;;;;;
MONN5P4;POSTE 90kV N0 1 MONNERVILLE;91414;Monnerville;;< 5 MW;zone soutirage;;;;;
MONNAP4;POSTE 90kV N0 1 MONNAIE;37153;Monnaie;;< 5 MW;zone soutirage;;;;;
MORBRP6;POSTE 225kV N0 1 MORBRAS;77390;Roissy-en-Brie;;< 5 MW;zone soutirage;;;;;
MORBRP7;POSTE 400kV N0 1 MORBRAS;77390;Roissy-en-Brie;;< 5 MW;;;;;;
MORCHP6;POSTE 225kV N0 1 MORCHIES;62591;Morchies;;< 5 MW;;;;;;
MOREAP3;POSTE 63kV N0 1 MOREAU;11037;Berriac;;< 5 MW;;;;;;
MOREAP6;POSTE 225kV N0 1 MOREAU;11037;Berriac;;< 5 MW;;;;;;
MORESP3;POSTE 63kV N0 1 MORESTEL;38465;Saint-Victor-de-Morestel;;< 5 MW;;;;;;
MOREZP3;POSTE 63kV N0 1 MOREZ;39470;Les Rousses;;< 5 MW;;;;;;
MORIGP4;POSTE 90kV N0 1 MORIGNY;91433;Morigny-Champigny;;< 5 MW;zone soutirage;;;;;
MORIHP4;POSTE 90kV N0 1 MORIHAN;35090;Crevin;;< 5 MW;zone soutirage;;;;;
MORIHP6;POSTE 225kV N0 1 MORIHAN;35090;Crevin;;< 5 MW;zone soutirage;;;;;
MORLAP3;POSTE 63kV N0 1 MORLAIX;29254;Saint-Martin-des-Champs;;< 5 MW;;;;;;
MORTAP4;POSTE 90kV N0 1 MORTAIN;50436;Romagny Fontenay;;< 5 MW;;;;;;
MORU P3;POSTE 63kV N0 1 MORU;60508;Pontpoint;;< 5 MW;zone soutirage;;;;;
MORU P6;POSTE 225kV N0 1 MORU;60508;Pontpoint;;< 5 MW;zone soutirage;;;;;
MORVEP4;POSTE 90kV N0 1 MORVENT;78089;Bonnières-sur-Seine;;< 5 MW;zone soutirage;;;;;
MOTT5P3;POSTE 63kV N0 1 MOTTE (LA) (V.-LES-AVIGNON);30351;Villeneuve-lès-Avignon;;< 5 MW;zone soutirage;;;;;
MOTT5P6;POSTE 225kV N0 1 MOTTE (LA) (V.-LES-AVIGNON);30351;Villeneuve-lès-Avignon;;< 5 MW;zone soutirage;;;;;
MOTTAP3;POSTE 63kV N0 1 MOTTARET;73015;Les Allues;;< 5 MW;zone soutirage;;;;;
MOTTEP4;POSTE 90kV N0 1 MOTTELETTE (LA);62038;Ardres;;< 5 MW;;;;;;
MOTZ P3;POSTE 63kV N0 1 MOTZ;73180;Motz;;< 5 MW;;;;;;
MOUCHP3;POSTE 63kV N0 1 MOUCHE (LA);69123;Lyon;;< 5 MW;zone soutirage;;;;;
MOUCHP6;POSTE 225kV N0 1 MOUCHE (LA);69123;Lyon;;< 5 MW;zone soutirage;;;;;
MOUGIP3;POSTE 63kV N0 1 MOUGINS;06085;Mougins;;< 5 MW;zone soutirage;;;;;
MOUGIP6;POSTE 225kV N0 1 MOUGINS;06085;Mougins;;< 5 MW;zone soutirage;;;;;
MOUGUP3;POSTE 63kV N0 1 MOUGUERRE;64407;Mouguerre;;< 5 MW;zone soutirage;;;;;
MOUGUP6;POSTE 225kV N0 1 MOUGUERRE;64407;Mouguerre;;< 5 MW;zone soutirage;;;;;
MOUILP3;POSTE 63kV N0 1 MOUILLONNE (LA);31033;Auterive;;< 5 MW;zone soutirage;;;;;
MOUISP6;POSTE 225kV N0 1 MOUISSONNES;84132;Le Thor;;< 5 MW;;;;;;
MOUL8P6;POSTE 225kV N0 1 MOULINEAUX;92040;Issy-les-Moulineaux;;< 5 MW;zone soutirage;;;;;
MOULAP3;POSTE 63kV N0 1 MOULAINE;54254;Haucourt-Moulaine;;< 5 MW;;;;;;
MOULAP6;POSTE 225kV N0 1 MOULAINE;54254;Haucourt-Moulaine;;< 5 MW;;;;;;
MOULAP7;POSTE 400kV N0 1 MOULAINE;54254;Haucourt-Moulaine;;< 5 MW;;;;;;
MOULIP3;POSTE 63kV N0 1 MOULINELLE (LA);54273;Jarny;;< 5 MW;;;;;;
MOUNEP3;POSTE 63kV N0 1 MOUNEDE;31555;Toulouse;;< 5 MW;zone soutirage;;;;;
MOUR5P3;POSTE 63kV N0 1 MOURETTES (LES);26362;Valence;;< 5 MW;zone soutirage;;;;;
MOUS5P4;POSTE 90kV N0 1 MOUSSEAUX;36044;Châteauroux;;< 5 MW;zone injection PV;du 1er mai au 2 septembre inclus;;;;
MOUS5P6;POSTE 225kV N0 1 MOUSSEAUX;36044;Châteauroux;;< 5 MW;zone injection PV;du 1er mai au 2 septembre inclus;;;;
MOUS6P3;POSTE 63kV N0 1 MOUSSAC;30184;Moussac;;< 5 MW;zone soutirage;;;;;
MOUSSP3;POSTE 63kV N0 1 MOUSSEROLLES;64102;Bayonne;;< 5 MW;zone soutirage;;;;;
MOUTHP3;POSTE 63kV N0 1 MOUTHIER;25415;Mouthier-Haute-Pierre;;< 5 MW;;;;;;
MOUTIP3;POSTE 63kV N0 1 MOUTIERS;73181;Moûtiers;;< 5 MW;zone soutirage;;;;;
MOUZEP4;POSTE 90kV N0 1 MOUZEUIL;85158;Mouzeuil-Saint-Martin;;< 5 MW;zone soutirage;;;;;
MQIONP3;POSTE 63kV N0 1 MARQUION;62081;Baralle;;< 5 MW;;;;;;
MQIS P3;POSTE 63kV N0 1 MARQUIS (LE);33004;Ambès;;< 5 MW;zone soutirage;;;;;
MQIS P6;POSTE 225kV N0 1 MARQUIS (LE);33004;Ambès;;< 5 MW;zone soutirage;;;;;
MQIS P7;POSTE 400kV N0 1 MARQUIS (LE);33004;Ambès;;< 5 MW;;;;;;
MQISEP4;POSTE 90kV N0 1 MARQUISE;62560;Marquise;;< 5 MW;;;;;;
MRGUEP3;POSTE 63kV N0 1 MARTIGUES;13056;Martigues;;< 5 MW;;;;;;
MRLLAP3;POSTE 63kV N0 1 MARTILLAC;33448;Saint-Médard-d'Eyrans;;< 5 MW;zone soutirage;;;;;
MRNIEP3;POSTE 63kV N0 1 MARTINIERE (LA);84019;Bollène;;< 5 MW;zone soutirage;;;;;
MTAG5P3;POSTE 63kV N0 1 MONTAGNETTE (LA);13045;Graveson;;< 5 MW;;;;;;
MTAG5P6;POSTE 225kV N0 1 MONTAGNETTE (LA);13045;Graveson;;< 5 MW;;;;;;
MTAGNP3;POSTE 63kV N0 1 MONTAGNY (LES BEAUNE);21423;Montagny-lès-Beaune;;< 5 MW;zone soutirage;;;;;
MTAHUP6;POSTE 225kV N0 1 MONTAHUT;34160;Mons;;< 5 MW;;;;;;
MTALIP3;POSTE 63kV N0 1 MONTALIEU;38247;Montalieu-Vercieu;;< 5 MW;zone soutirage;;;;;
MTAUBP3;POSTE 63kV N0 1 MONTAUBAN;82121;Montauban;;< 5 MW;zone soutirage;;;;;
MTBARP3;POSTE 63kV N0 1 MONTBARD;21425;Montbard;;< 5 MW;zone injection PV;du 1er mai au 2 septembre inclus;;;;
MTBOUP3;POSTE 63kV N0 1 MONTBOUCONS;25056;Besançon;;< 5 MW;zone soutirage;;;;;
MTCROP6;POSTE 225kV N0 1 MONTCROISETTE;62528;Loos-en-Gohelle;;< 5 MW;zone soutirage;;;;;
MTDAUP3;POSTE 63kV N0 1 MONTDAUPHIN;05119;Risoul;;< 5 MW;zone injection PV;du 1er mai au 2 septembre inclus;gabarit en injection;< 5 MW;Haute-Durance;55 MW
MTELIP3;POSTE 63kV N0 1 MONTELIMAR;26198;Montélimar;;< 5 MW;;;;;;
MTENDP4;POSTE 90kV N0 1 MONTENDRE;17240;Montendre;;< 5 MW;zone soutirage;;;;;
MTER5P3;POSTE 63kV N0 1 MONTEREAU (CLIENT);77482;Varennes-sur-Seine;;< 5 MW;zone soutirage;;;;;
MTFO5P4;POSTE 90kV N0 1 MONTFORT (BEDEE);35023;Bédée;;< 5 MW;zone soutirage;;;;;
MTGROP3;POSTE 63kV N0 1 MONTGROS;48139;Saint Bonnet-Laval;;< 5 MW;zone injection PV;du 1er mai au 2 septembre inclus;;;;
MTGROP6;POSTE 225kV N0 1 MONTGROS;48139;Saint Bonnet-Laval;;< 5 MW;zone injection PV;du 1er mai au 2 septembre inclus;;;;
MTGUYP4;POSTE 90kV N0 1 MONTGUYON;17269;Orignolles;;< 5 MW;zone soutirage;;;;;
MTGUYP6;POSTE 225kV N0 1 MONTGUYON;17269;Orignolles;;< 5 MW;zone soutirage;;;;;
MTIGNP4;POSTE 90kV N0 1 MONTIGNAC;24014;Aubas;;< 5 MW;;;;;;
MTIVIP4;POSTE 90kV N0 1 MONTIVILLIERS;76447;Montivilliers;;< 5 MW;;;;;;
MTJAYP6;POSTE 225kV N0 1 MONTJAY;91692;Les Ulis;;< 5 MW;zone soutirage;;;;;
MTLUCP3;POSTE 63kV N0 1 MONTLUCON;03185;Montluçon;;< 5 MW;zone injection PV;du 1er mai au 2 septembre inclus;;;;
MTLUCP6;POSTE 225kV N0 1 MONTLUCON;03185;Montluçon;;< 5 MW;zone injection PV;du 1er mai au 2 septembre inclus;;;;
MTMARP3;POSTE 63kV N0 1 MONTMARTEL;84138;Valréas;;< 5 MW;;;;;;
MTMIRP3;POSTE 63kV N0 1 MONTMIRAIL;51380;Montmirail;;< 5 MW;;;;;;
MTMORP4;POSTE 90kV N0 1 MONTMORILLON;86165;Montmorillon;;< 5 MW;zone injection PV;du 1er mai au 2 septembre inclus;;;;
MTOIRP3;POSTE 63kV N0 1 MONTOIR;44103;Montoir-de-Bretagne;;< 5 MW;zone soutirage;;;;;
MTOISP3;POSTE 63kV N0 1 MONTOIS;57481;Montois-la-Montagne;;< 5 MW;zone soutirage;;;;;
MTOISP6;POSTE 225kV N0 1 MONTOIS;57481;Montois-la-Montagne;;< 5 MW;zone soutirage;;;;;
MTPE5P3;POSTE 63kV N0 1 MONTPEZAT (CLIENT);82131;Montpezat-de-Quercy;;< 5 MW;zone soutirage;;;;;
MTPELP3;POSTE 63kV N0 1 MONTPELLIER;34270;Saint-Jean-de-Védas;;< 5 MW;zone soutirage;;;;;
MTPELP6;POSTE 225kV N0 1 MONTPELLIER;34270;Saint-Jean-de-Védas;;< 5 MW;zone soutirage;;;;;
MTPEZP3;POSTE 63kV N0 1 MONTPEZAT;07161;Montpezat-sous-Bauzon;;< 5 MW;;;;;;
MTPEZP6;POSTE 225kV N0 1 MONTPEZAT;07161;Montpezat-sous-Bauzon;;< 5 MW;;;;;;
MTREAP3;POSTE 63kV N0 1 MONTREAL;32290;Montréal;;< 5 MW;;;;;;
MTREUP4;POSTE 90kV N0 1 MONTREUIL (-SUR-LOIR);49216;Montreuil-sur-Loir;;< 5 MW;zone soutirage;;;;;
MTRI5P4;POSTE 90kV N0 1 MONTRICHARD;41051;Chissay-en-Touraine;;< 5 MW;zone soutirage;;;;;
MTRONP3;POSTE 63kV N0 1 MONTROND;42149;Montrond-les-Bains;;< 5 MW;zone soutirage;;;;;
MTVERP3;POSTE 63kV N0 1 MONTVERDUN;42150;Montverdun;;< 5 MW;zone soutirage;;;;;
MTVICP3;POSTE 63kV N0 1 MONTVICQ;03189;Montvicq;;< 5 MW;zone injection PV;du 1er mai au 2 septembre inclus;;;;
MTVICP6;POSTE 225kV N0 1 MONTVICQ;03189;Montvicq;;< 5 MW;zone injection PV;du 1er mai au 2 septembre inclus;;;;
MUHLBP7;POSTE 400kV N0 1 MUHLBACH;68091;Fessenheim;;< 5 MW;;;;;;
MUR  P3;POSTE 63kV N0 1 MUR (-DE-BRETAGNE);22158;Guerlédan;;< 5 MW;;;;;;
MUR  P6;POSTE 225kV N0 1 MUR (-DE-BRETAGNE);22158;Guerlédan;;< 5 MW;;;;;;
MUREAP3;POSTE 63kV N0 1 MUREAUX (LES);78440;Les Mureaux;;< 5 MW;zone soutirage;;;;;
MUREAP6;POSTE 225kV N0 1 MUREAUX (LES);78440;Les Mureaux;;< 5 MW;zone soutirage;;;;;
MUREMP6;POSTE 225kV N0 1 MUREMONT;88453;Seraumont;;< 5 MW;;;;;;
MURETP3;POSTE 63kV N0 1 MURET;31395;Muret;;< 5 MW;zone soutirage;;;;;
MURIGP3;POSTE 63kV N0 1 MURIGNY;51454;Reims;;< 5 MW;;;;;;
N.ERDP4;POSTE 90kV N0 1 NORT-SUR-ERDRE;44110;Nort-sur-Erdre;;< 5 MW;zone injection PV;du 1er mai au 2 septembre inclus;;;;
N.GEOP3;POSTE 63kV N0 1 NUITS-ST-GEORGES;21464;Nuits-Saint-Georges;;< 5 MW;zone soutirage;;;;;
N.SEIP3;POSTE 63kV N0 1 NOGENT-SUR-SEINE;10268;Nogent-sur-Seine;;< 5 MW;;;;;;
N.SEUP4;POSTE 90kV N0 1 NOUE-SEUIL;08416;Seuil;;< 5 MW;;;;;;
NAINTP4;POSTE 90kV N0 1 NAINTRE;86174;Naintré;;< 5 MW;zone injection PV;du 1er mai au 2 septembre inclus;;;;
NANTEP6;POSTE 225kV N0 1 NANTERRE (EDF);92050;Nanterre;;< 5 MW;zone soutirage;;;;;
NAOUTP3;POSTE 63kV N0 1 NAOUTOT;40281;Saint-Pierre-du-Mont;;< 5 MW;;;;;;
NAOUTP6;POSTE 225kV N0 1 NAOUTOT;40281;Saint-Pierre-du-Mont;;< 5 MW;;;;;;
NAVA5P3;POSTE 63kV N0 1 NAVARROSSE;40046;Biscarrosse;;< 5 MW;;;;;;
NAVESP4;POSTE 90kV N0 1 NAVES;19146;Naves;;< 5 MW;;;;;;
NEMOUP3;POSTE 63kV N0 1 NEMOURS;77178;Faÿ-lès-Nemours;;< 5 MW;zone soutirage;;;;;
NEMOUP6;POSTE 225kV N0 1 NEMOURS;77178;Faÿ-lès-Nemours;;< 5 MW;zone soutirage;;;;;
NENEZP3;POSTE 63kV N0 1 NENEZ;22005;Belle-Isle-en-Terre;;< 5 MW;;;;;;
NENTIP5;POSTE 150kV N0 1 NENTILLA;11335;Sainte-Colombe-sur-Guette;;< 5 MW;;;;;;
NEOULP6;POSTE 225kV N0 1 NEOULES;83088;Néoules;;< 5 MW;zone soutirage;;;;;
NEOULP7;POSTE 400kV N0 1 NEOULES;83088;Néoules;;< 5 MW;;;;;;
NERACP3;POSTE 63kV N0 1 NERAC;47195;Nérac;;< 5 MW;;;;;;
NEUBOP4;POSTE 90kV N0 1 NEUBOURG;27428;Le Neubourg;;< 5 MW;zone soutirage;;;;;
NEUF5P4;POSTE 90kV N0 1 NEUFCHATEL;76516;Quièvrecourt;;< 5 MW;;;;;;
NEUSSP3;POSTE 63kV N0 1 NEUSSARGUES;15141;Neussargues en Pinatelle;;< 5 MW;zone injection PV;du 1er mai au 2 septembre inclus;;;;
NEVERP3;POSTE 63kV N0 1 NEVERS;58194;Nevers;;< 5 MW;;;;;;
NICERP4;POSTE 90kV N0 1 NICERIE (LA);16089;Châteaubernard;;< 5 MW;zone soutirage;;;;;
NIORTP4;POSTE 90kV N0 1 NIORT;79191;Niort;;< 5 MW;;;;;;
NIORTP6;POSTE 225kV N0 1 NIORT;79191;Niort;;< 5 MW;;;;;;
NIVELP3;POSTE 63kV N0 1 NIVELLE;64495;Saint-Pée-sur-Nivelle;;< 5 MW;zone soutirage;;;;;
NOGENP3;POSTE 63kV N0 1 NOGENTEL;02554;Nogentel;;< 5 MW;;;;;;
NOGENP6;POSTE 225kV N0 1 NOGENTEL;02554;Nogentel;;< 5 MW;;;;;;
NONANP4;POSTE 90kV N0 1 NONANCOURT;27378;La Madeleine-de-Nonancourt;;< 5 MW;;;;;;
NONTRP3;POSTE 63kV N0 1 NONTRON;24451;Saint-Martial-de-Valette;;< 5 MW;zone soutirage;;;;;
NOORDP4;POSTE 90kV N0 1 NOORD (-GRACHT);59016;Armbouts-Cappel;;< 5 MW;zone soutirage;;;;;
NOROIP7;POSTE 400kV N0 1 NOROIT;76660;Sandouville;;< 5 MW;;;;;;
NOUETP3;POSTE 63kV N0 1 NOUETTES;51454;Reims;;< 5 MW;;;;;;
NOUROP6;POSTE 225kV N0 1 NOUROTTES;78624;Triel-sur-Seine;;< 5 MW;zone soutirage;;;;;
NOUZOP3;POSTE 63kV N0 1 NOUZONVILLE;08328;Nouzonville;;< 5 MW;zone soutirage;;;;;
NOVIOP3;POSTE 63kV N0 1 NOVION;92004;Asnières-sur-Seine;;< 5 MW;zone soutirage;;;;;
NOVIOP6;POSTE 225kV N0 1 NOVION;92004;Asnières-sur-Seine;;< 5 MW;zone soutirage;;;;;
NOYA5P4;POSTE 90kV N0 1 NOYAL;35206;Noyal-Châtillon-sur-Seiche;;< 5 MW;zone soutirage;;;;;
NOYALP3;POSTE 63kV N0 1 NOYALES;02563;Noyales;;< 5 MW;;;;;;
NOYONP3;POSTE 63kV N0 1 NOYON;60506;Pont-l'Évêque;;< 5 MW;;;;;;
NYONSP3;POSTE 63kV N0 1 NYONS;26220;Nyons;;< 5 MW;zone soutirage;;;;;
O.CHAP3;POSTE 63kV N0 1 ONET-LE-CHATEAU;12176;Onet-le-Château;;< 5 MW;zone injection PV;du 1er mai au 2 septembre inclus;;;;
O.CHAP6;POSTE 225kV N0 1 ONET-LE-CHATEAU;12176;Onet-le-Château;;< 5 MW;zone injection PV;du 1er mai au 2 septembre inclus;;;;
ODON P4;POSTE 90kV N0 1 ODON;14098;Thue et Mue;;< 5 MW;;;;;;
OIRY P3;POSTE 63kV N0 1 OIRY;51413;Oiry;;< 5 MW;;;;;;
OLIVEP3;POSTE 63kV N0 1 OLIVETTES (LES);13108;Tarascon;;< 5 MW;;;;;;
OLLI5P3;POSTE 63kV N0 1 OLLIERES;83089;Ollières;;< 5 MW;zone injection PV;du 1er mai au 2 septembre inclus;;;;
OLLI5P6;POSTE 225kV N0 1 OLLIERES;83089;Ollières;;< 5 MW;zone injection PV;du 1er mai au 2 septembre inclus;;;;
OLLIEP3;POSTE 63kV N0 1 OLLIERGUES;63258;Olliergues;;< 5 MW;zone soutirage;;;;;
ONDESP3;POSTE 63kV N0 1 ONDES;31403;Ondes;;< 5 MW;zone soutirage;;;;;
ONZAIP4;POSTE 90kV N0 1 ONZAIN;41167;Veuzain-sur-Loire;;< 5 MW;zone soutirage;;;;;
ORAISP6;POSTE 225kV N0 1 ORAISON;04143;Oraison;;< 5 MW;zone injection PV;du 1er mai au 2 septembre inclus;;;;
ORANGP4;POSTE 90kV N0 1 ORANGERIE (L);86111;Ingrandes;;< 5 MW;zone injection PV;du 1er mai au 2 septembre inclus;;;;
ORANGP6;POSTE 225kV N0 1 ORANGERIE (L);86111;Ingrandes;;< 5 MW;zone injection PV;du 1er mai au 2 septembre inclus;;;;
ORBECP4;POSTE 90kV N0 1 ORBEC;14478;Orbec;;< 5 MW;zone soutirage;;;;;
ORCH5P4;POSTE 90kV N0 1 ORCHIDEES (LES);18050;La Chapelle-Saint-Ursin;;< 5 MW;zone injection PV;du 1er mai au 2 septembre inclus;;;;
ORCHIP4;POSTE 90kV N0 1 ORCHIES;59449;Orchies;;< 5 MW;;;;;;
ORGERP4;POSTE 90kV N0 1 ORGERES;28287;Orgères-en-Beauce;;< 5 MW;;;;;;
ORME5P3;POSTE 63kV N0 1 ORMES (LES);77347;Les Ormes-sur-Voulzie;;< 5 MW;zone soutirage;;;;;
ORMESP3;POSTE 63kV N0 1 ORMES;51418;Ormes;;< 5 MW;;;;;;
ORMESP6;POSTE 225kV N0 1 ORMES;51418;Ormes;;< 5 MW;;;;;;
ORNANP3;POSTE 63kV N0 1 ORNANS;25434;Ornans;;< 5 MW;;;;;;
ORSONP6;POSTE 225kV N0 1 ORSONVILLE;77018;Bailly-Romainvilliers;;< 5 MW;zone soutirage;;;;;
ORTH5P3;POSTE 63kV N0 1 ORTHEZ;64430;Orthez;;< 5 MW;;;;;;
ORVAUP3;POSTE 63kV N0 1 ORVAULT;44114;Orvault;;< 5 MW;zone soutirage;;;;;
ORVAUP6;POSTE 225kV N0 1 ORVAULT;44114;Orvault;;< 5 MW;zone soutirage;;;;;
OSERAP3;POSTE 63kV N0 1 OSERAIE;77010;Aubepierre-Ozouer-le-Repos;;< 5 MW;zone soutirage;;;;;
OSNESP3;POSTE 63kV N0 1 OSNES;08336;Osnes;;< 5 MW;;;;;;
OSTROP4;POSTE 90kV N0 1 OSTROHOVE;62758;Saint-Martin-Boulogne;;< 5 MW;;;;;;
OTTMAP3;POSTE 63kV N0 1 OTTMARSHEIM;68253;Ottmarsheim;;< 5 MW;;;;;;
OTTMAP6;POSTE 225kV N0 1 OTTMARSHEIM;68253;Ottmarsheim;;< 5 MW;;;;;;
OUDONP6;POSTE 225kV N0 1 OUDON;53026;Beaulieu-sur-Oudon;;< 5 MW;;;;;;
OUDONP7;POSTE 400kV N0 1 OUDON;53026;Beaulieu-sur-Oudon;;< 5 MW;;;;;;
OULLIP3;POSTE 63kV N0 1 OULLINS;69149;Oullins-Pierre-Bénite;;< 5 MW;zone soutirage;;;;;
OYONNP3;POSTE 63kV N0 1 OYONNAX;01283;Oyonnax;;< 5 MW;;;;;;
P.ABBP3;POSTE 63kV N0 1 PONT-L ABBE;29171;Plomeur;;< 5 MW;zone soutirage;;;;;
P.AGEP3;POSTE 63kV N0 1 PASSAGE-D AGEN;47201;Le Passage;;< 5 MW;;;;;;
P.ANDP3;POSTE 63kV N0 1 PRAZ-ST-ANDRE;73223;Saint-André;;< 5 MW;;;;;;
P.ANDP6;POSTE 225kV N0 1 PRAZ-ST-ANDRE;73223;Saint-André;;< 5 MW;;;;;;
P.ARAP3;POSTE 63kV N0 1 PONT-D ARAN;83009;Bandol;;< 5 MW;zone soutirage;;;;;
P.AU5P4;POSTE 90kV N0 1 PONT-AUDEMER CLIENT;27467;Pont-Audemer;;< 5 MW;zone soutirage;;;;;
P.BERP3;POSTE 63kV N0 1 PETIT-BERNARD;21231;Dijon;;< 5 MW;zone soutirage;;;;;
P.BORP3;POSTE 63kV N0 1 PIED-DE-BORNE;48015;Pied-de-Borne;;< 5 MW;;;;;;
P.BORP6;POSTE 225kV N0 1 PIED-DE-BORNE;48015;Pied-de-Borne;;< 5 MW;;;;;;
P.BOUP3;POSTE 63kV N0 1 PORT-DE-BOUC (CLIENT);13077;Port-de-Bouc;;< 5 MW;;;;;;
P.CASP3;POSTE 63kV N0 1 PONT-DU-CASSE;47209;Pont-du-Casse;;< 5 MW;;;;;;
P.CHAP4;POSTE 90kV N0 1 PEYRAT-LE-CHATEAU;87117;Peyrat-le-Château;;< 5 MW;zone injection PV;du 1er mai au 2 septembre inclus;;;;
P.CHAP6;POSTE 225kV N0 1 PEYRAT-LE-CHATEAU;87117;Peyrat-le-Château;;< 5 MW;zone injection PV;du 1er mai au 2 septembre inclus;;;;
P.CHRP3;POSTE 63kV N0 1 PLEYBER-CHRIST;29163;Pleyber-Christ;;< 5 MW;;;;;;
P.CHRP6;POSTE 225kV N0 1 PLEYBER-CHRIST;29163;Pleyber-Christ;;< 5 MW;;;;;;
P.CORP7;POSTE 400kV N0 1 PIVOZ-CORDIER;38425;Saint-Maurice-l'Exil;;< 5 MW;;;;;;
P.EVEP3;POSTE 63kV N0 1 PONT-EVEQUE;38157;Estrablin;;< 5 MW;zone soutirage;;;;;
P.EVEP6;POSTE 225kV N0 1 PONT-EVEQUE;38157;Estrablin;;< 5 MW;zone soutirage;;;;;
P.FOSP3;POSTE 63kV N0 1 PONT DU FOSSE;05145;Saint-Jean-Saint-Nicolas;;< 5 MW;zone soutirage;;;;;
P.GASP6;POSTE 225kV N0 1 PLESSIS-GASSOT;95492;Le Plessis-Gassot;;< 5 MW;zone soutirage;;;;;
P.GASP7;POSTE 400kV N0 1 PLESSIS-GASSOT;95492;Le Plessis-Gassot;;< 5 MW;;;;;;
P.GR5P3;POSTE 63kV N0 1 PLAN-DE-GRASSE;06069;Grasse;;< 5 MW;zone soutirage;;;;;
P.GR5P6;POSTE 225kV N0 1 PLAN-DE-GRASSE;06069;Grasse;;< 5 MW;zone soutirage;;;;;
P.GRAP3;POSTE 63kV N0 1 PRE-GRAND;81060;Carmaux;;< 5 MW;zone soutirage;;;;;
P.HA5P6;POSTE 225kV N0 1 PLAINE HAUTE;22170;Plaine-Haute;;< 5 MW;;;;;;
P.HA5P7;POSTE 400kV N0 1 PLAINE HAUTE;22170;Plaine-Haute;;< 5 MW;;;;;;
P.JERP4;POSTE 90kV N0 1 PORT-JEROME;76476;Port-Jérôme-sur-Seine;;< 5 MW;zone soutirage;;;;;
P.JERP6;POSTE 225kV N0 1 PORT-JEROME;76476;Port-Jérôme-sur-Seine;;< 5 MW;zone soutirage;;;;;
P.LANP3;POSTE 63kV N0 1 PAS-DES-LANCIERS;13102;Saint-Victoret;;< 5 MW;zone soutirage;;;;;
P.MACP4;POSTE 90kV N0 1 PLESSIS-MACE;49200;Longuenée-en-Anjou;;< 5 MW;zone soutirage;;;;;
P.ME5P6;POSTE 225kV N0 1 PETIT-MENIN;59426;Neuville-en-Ferrain;;< 5 MW;zone soutirage;;;;;
P.MEDP3;POSTE 63kV N0 1 PIAN-MEDOC (LE);33322;Le Pian-Médoc;;< 5 MW;zone soutirage;;;;;
P.MEEP3;POSTE 63kV N0 1 PONT-DU-MEE;77152;Dammarie-les-Lys;;< 5 MW;zone soutirage;;;;;
P.MONP3;POSTE 63kV N0 1 PARAY-LE-MONIAL;71342;Paray-le-Monial;;< 5 MW;;;;;;
P.NOUP3;POSTE 63kV N0 1 PORT-LA-NOUVELLE;11266;Port-la-Nouvelle;;< 5 MW;zone injection PV;du 1er mai au 2 septembre inclus;gabarit en injection;< 5 MW;Liviere;55 MW
P.ORGP3;POSTE 63kV N0 1 PLAN-D ORGON;13076;Plan-d'Orgon;;< 5 MW;;;;;;
P.ORGP6;POSTE 225kV N0 1 PLAN-D ORGON;13076;Plan-d'Orgon;;< 5 MW;;;;;;
P.ORGP7;POSTE 400kV N0 1 PLAN-D ORGON;13076;Plan-d'Orgon;;< 5 MW;;;;;;
P.RHOP3;POSTE 63kV N0 1 PORT-ST-LOUIS-DU-RHONE;13078;Port-Saint-Louis-du-Rhône;;< 5 MW;;;;;;
P.ROIP3;POSTE 63kV N0 1 PONT-DE-ROIDE;25463;Pont-de-Roide-Vermondans;;< 5 MW;;;;;;
P.ROSP3;POSTE 63kV N0 1 PETITE-ROSSELLE;57227;Forbach;;< 5 MW;zone soutirage;;;;;
P.ROSP6;POSTE 225kV N0 1 PETITE-ROSSELLE;57227;Forbach;;< 5 MW;zone soutirage;;;;;
P.ROUP3;POSTE 63kV N0 1 POTEAU-ROUGE;56036;Caudan;;< 5 MW;zone soutirage;;;;;
P.ROUP6;POSTE 225kV N0 1 POTEAU-ROUGE;56036;Caudan;;< 5 MW;zone soutirage;;;;;
P.ROYP3;POSTE 63kV N0 1 PONT-EN-ROYANS;38319;Pont-en-Royans;;< 5 MW;zone injection PV;du 1er mai au 2 septembre inclus;;;;
P.SALP3;POSTE 63kV N0 1 PONT-SALOMON;43153;Pont-Salomon;;< 5 MW;zone soutirage;;;;;
P.SAMP4;POSTE 90kV N0 1 PONT-SUR-SAMBRE;59467;Pont-sur-Sambre;;< 5 MW;zone soutirage;;;;;
P.SAMP6;POSTE 225kV N0 1 PONT-SUR-SAMBRE;59467;Pont-sur-Sambre;;< 5 MW;zone soutirage;;;;;
P.SAOP3;POSTE 63kV N0 1 POUILLY-SUR-SAONE;21502;Pouilly-sur-Saône;;< 5 MW;zone soutirage;;;;;
P.SE5P3;POSTE 63kV N0 1 PRE-SEIGNEURS;01049;La Boisse;;< 5 MW;zone soutirage;;;;;
P.SEPP4;POSTE 90kV N0 1 PONT-SEPT;76351;Le Havre;;< 5 MW;;;;;;
P.SEPP6;POSTE 225kV N0 1 PONT-SEPT;76351;Le Havre;;< 5 MW;;;;;;
P.SIMP3;POSTE 63kV N0 1 PORTET-ST-SIMON;31433;Portet-sur-Garonne;;< 5 MW;zone soutirage;;;;;
P.SIMP6;POSTE 225kV N0 1 PORTET-ST-SIMON;31433;Portet-sur-Garonne;;< 5 MW;zone soutirage;;;;;
P.TEMP3;POSTE 63kV N0 1 PORT-DU-TEMPLE;69123;Lyon;;< 5 MW;;;;;;
P.TERP3;POSTE 63kV N0 1 POIX-TERRON;08341;Poix-Terron;;< 5 MW;zone soutirage;;;;;
P.TRIP6;POSTE 225kV N0 1 PONT TRINQUAT;34172;Montpellier;;< 5 MW;zone soutirage;;;;;
P.VARP3;POSTE 63kV N0 1 PLAN-DU-VAR;06021;Bonson;;< 5 MW;zone soutirage;;;;;
P.VAUP3;POSTE 63kV N0 1 PRES-DE-VAUX;25056;Besançon;;< 5 MW;zone soutirage;;;;;
P.VIZP3;POSTE 63kV N0 1 PEAGE-DE-VIZILLE;38562;Vizille;;< 5 MW;;;;;;
PAILLP3;POSTE 63kV N0 1 PAILLERES;33318;Pessac;;< 5 MW;zone soutirage;;;;;
PAIMBP3;POSTE 63kV N0 1 PAIMBOEUF;44192;Saint-Viaud;;< 5 MW;;;;;;
PAIMPP3;POSTE 63kV N0 1 PAIMPOL;22162;Paimpol;;< 5 MW;;;;;;
PALAMP3;POSTE 63kV N0 1 PALAMINY;31406;Palaminy;;< 5 MW;zone injection PV;du 1er mai au 2 septembre inclus;;;;
PALENP3;POSTE 63kV N0 1 PALENTE;25056;Besançon;;< 5 MW;zone soutirage;;;;;
PALENP6;POSTE 225kV N0 1 PALENTE;25056;Besançon;;< 5 MW;zone soutirage;;;;;
PALLUP4;POSTE 90kV N0 1 PALLUAU;85169;Palluau;;< 5 MW;zone soutirage;;;;;
PALUNP3;POSTE 63kV N0 1 PALUN (LA);13041;Gardanne;;< 5 MW;zone soutirage;;;;;
PALUNP6;POSTE 225kV N0 1 PALUN (LA);13041;Gardanne;;< 5 MW;zone soutirage;;;;;
PAMI5P3;POSTE 63kV N0 1 PAMIERS (S.N.C.F.);09225;Pamiers;;< 5 MW;zone injection PV;du 1er mai au 2 septembre inclus;;;;
PANO5P3;POSTE 63kV N0 1 PANOUSE (LA);48108;La Panouse;;< 5 MW;zone injection PV;du 1er mai au 2 septembre inclus;;;;
PAPAUP4;POSTE 90kV N0 1 PAPAULT;86113;Iteuil;;< 5 MW;zone soutirage;;;;;
PAPINP6;POSTE 225kV N0 1 PAPIN;38468;Salaise-sur-Sanne;;< 5 MW;zone injection PV;du 1er mai au 2 septembre inclus;;;;
PARENP3;POSTE 63kV N0 1 PARENTIS;40217;Parentis-en-Born;;< 5 MW;;;;;;
PARISP3;POSTE 63kV N0 1 PARISET;38485;Seyssinet-Pariset;;< 5 MW;zone soutirage;;;;;
PARISP6;POSTE 225kV N0 1 PARISET;38485;Seyssinet-Pariset;;< 5 MW;zone soutirage;;;;;
PAROYP3;POSTE 63kV N0 1 PAROY;89206;Joigny;;< 5 MW;zone soutirage;;;;;
PARTHP4;POSTE 90kV N0 1 PARTHENAY;79080;Châtillon-sur-Thouet;;< 5 MW;zone injection PV;du 1er mai au 2 septembre inclus;gabarit en injection;< 5 MW;Airvault;55 MW
PAS  P4;POSTE 90kV N0 1 PAS (LE);35089;La Couyère;;< 5 MW;;;;;;
PASSYP3;POSTE 63kV N0 1 PASSY;74208;Passy;;< 5 MW;zone soutirage;;;;;
PASSYP6;POSTE 225kV N0 1 PASSY;74208;Passy;;< 5 MW;zone soutirage;;;;;
PATISP3;POSTE 63kV N0 1 PATIS;60009;Allonne;;< 5 MW;;;;;;
PATISP6;POSTE 225kV N0 1 PATIS;60009;Allonne;;< 5 MW;;;;;;
PATURP3;POSTE 63kV N0 1 PATURAL;69206;Saint-Georges-de-Reneins;;< 5 MW;zone soutirage;;;;;
PAU.EP3;POSTE 63kV N0 1 PAU-EST;64445;Pau;;< 5 MW;zone soutirage;;;;;
PAU.NP3;POSTE 63kV N0 1 PAU-NORD;64348;Lons;;< 5 MW;zone soutirage;;;;;
PAUDYP6;POSTE 225kV N0 1 PAUDY;36152;Paudy;;< 5 MW;;;;;;
PAUILP3;POSTE 63kV N0 1 PAUILLAC;33314;Pauillac;;< 5 MW;zone soutirage;;;;;
PAYOLP4;POSTE 90kV N0 1 PAYOLLES (LES);45229;Nogent-sur-Vernisson;;< 5 MW;zone injection PV;du 1er mai au 2 septembre inclus;;;;
PECY P3;POSTE 63kV N0 1 PECY;77357;Pécy;;< 5 MW;zone soutirage;;;;;
PELISP3;POSTE 63kV N0 1 PELISSIER;81004;Albi;;< 5 MW;zone soutirage;;;;;
PELISP6;POSTE 225kV N0 1 PELISSIER;81004;Albi;;< 5 MW;zone soutirage;;;;;
PELOUP4;POSTE 90kV N0 1 PELOUSE (LA);37261;Tours;;< 5 MW;zone soutirage;;;;;
PENHAP3;POSTE 63kV N0 1 PENHARS;29232;Quimper;;< 5 MW;zone soutirage;;;;;
PENL5P4;POSTE 90kV N0 1 PENLY (POSTE EVACUATION);76618;Petit-Caux;;< 5 MW;;;;;;
PENL5P7;POSTE 400kV N0 1 PENLY (POSTE EVACUATION);76618;Petit-Caux;;< 5 MW;;;;;;
PERCYP4;POSTE 90kV N0 1 PERCY;14431;Mézidon Vallée d'Auge;;< 5 MW;;;;;;
PERIZP3;POSTE 63kV N0 1 PERIZET (LE);59140;Caullery;;< 5 MW;;;;;;
PERIZP6;POSTE 225kV N0 1 PERIZET (LE);59140;Caullery;;< 5 MW;;;;;;
PERNEP4;POSTE 90kV N0 1 PERNES;62197;Camblain-Châtelain;;< 5 MW;;;;;;
PERONP3;POSTE 63kV N0 1 PERONNE;80620;Péronne;;< 5 MW;;;;;;
PERQUP3;POSTE 63kV N0 1 PERQUIE;40221;Perquie;;< 5 MW;;;;;;
PERR6P3;POSTE 63kV N0 1 PERROS;22324;Saint-Quay-Perros;;< 5 MW;;;;;;
PERR7P3;POSTE 63kV N0 1 PERROY;58209;Perroy;;< 5 MW;;;;;;
PERRAP6;POSTE 225kV N0 1 PERRACHE;69123;Lyon;;< 5 MW;zone soutirage;;;;;
PERREP6;POSTE 225kV N0 1 PERRET;92044;Levallois-Perret;;< 5 MW;zone soutirage;;;;;
PERRIP3;POSTE 63kV N0 1 PERRIGNY;21166;Chenôve;;< 5 MW;zone soutirage;;;;;
PERSAP3;POSTE 63kV N0 1 PERSAN;95487;Persan;;< 5 MW;zone soutirage;;;;;
PERTAP3;POSTE 63kV N0 1 PERTAIN;80621;Hypercourt;;< 5 MW;;;;;;
PERTAP6;POSTE 225kV N0 1 PERTAIN;80621;Hypercourt;;< 5 MW;;;;;;
PESSAP3;POSTE 63kV N0 1 PESSAC;33318;Pessac;;< 5 MW;zone soutirage;;;;;
PESSAP6;POSTE 225kV N0 1 PESSAC;33318;Pessac;;< 5 MW;zone soutirage;;;;;
PEUPLP3;POSTE 63kV N0 1 PEUPLERAIE;60402;Le Meux;;< 5 MW;zone soutirage;;;;;
PEYMEP3;POSTE 63kV N0 1 PEYMEINADE;06095;Peymeinade;;< 5 MW;zone soutirage;;;;;
PEYR7P4;POSTE 90kV N0 1 PEYRILHAC;87118;Peyrilhac;;< 5 MW;;;;;;
PEYROP6;POSTE 225kV N0 1 PEYROU;34172;Montpellier;;< 5 MW;zone soutirage;;;;;
PEZENP3;POSTE 63kV N0 1 PEZENAS;34199;Pézenas;;< 5 MW;;;;;;
PHALSP3;POSTE 63kV N0 1 PHALSBOURG;57540;Phalsbourg;;< 5 MW;zone soutirage;;;;;
PICHEP3;POSTE 63kV N0 1 PICHEGU;30034;Bellegarde;;< 5 MW;;;;;;
PINIEP4;POSTE 90kV N0 1 PINIER (LE);17415;Saintes;;< 5 MW;;;;;;
PINONP3;POSTE 63kV N0 1 PINON;02602;Pinon;;< 5 MW;;;;;;
PIOLEP3;POSTE 63kV N0 1 PIOLENC;84091;Piolenc;;< 5 MW;;;;;;
PIOVIP3;POSTE 63kV N0 1 PIOVIT;24253;Mareuil en Périgord;;< 5 MW;zone soutirage;;;;;
PIZANP3;POSTE 63kV N0 1 PIZANCON;26088;Chatuzange-le-Goubet;;< 5 MW;zone injection PV;du 1er mai au 2 septembre inclus;;;;
PLAISP6;POSTE 225kV N0 1 PLAISANCE;93050;Neuilly-sur-Marne;;< 5 MW;zone soutirage;;;;;
PLAN6P3;POSTE 63kV N0 1 PLANCOET;22311;Saint-Lormel;;< 5 MW;zone soutirage;;;;;
PLANTP3;POSTE 63kV N0 1 PLANTADES;26235;Pierrelatte;;< 5 MW;zone soutirage;;;;;
PLAUDP4;POSTE 90kV N0 1 PLAUD;87154;Saint-Junien;;< 5 MW;zone injection PV;du 1er mai au 2 septembre inclus;;;;
PLAUDP7;POSTE 400kV N0 1 PLAUD;87154;Saint-Junien;;< 5 MW;;;;;;
PLESSP4;POSTE 90kV N0 1 PLESSES (LES);85194;Les Sables-d'Olonne;;< 5 MW;zone soutirage;;;;;
PLEUMP4;POSTE 90kV N0 1 PLEUMARTIN;86193;Pleumartin;;< 5 MW;zone injection PV;du 1er mai au 2 septembre inclus;;;;
PLOE5P3;POSTE 63kV N0 1 PLOEREN;56164;Ploeren;;< 5 MW;zone soutirage;;;;;
PLOMBP3;POSTE 63kV N0 1 PLOMBIERES;70245;Fougerolles-Saint-Valbert;;< 5 MW;;;;;;
PLOUGP3;POSTE 63kV N0 1 PLOUGASTEL;29189;Plougastel-Daoulas;;< 5 MW;;;;;;
PLOURP3;POSTE 63kV N0 1 PLOURHAN;22232;Plourhan;;< 5 MW;;;;;;
PLOUVP3;POSTE 63kV N0 1 PLOUVARA;22234;Plouvara;;< 5 MW;;;;;;
PLUMAP4;POSTE 90kV N0 1 PLUMASSERIE (LA);72181;Le Mans;;< 5 MW;zone soutirage;;;;;
PLUVIP3;POSTE 63kV N0 1 PLUVIGNER;56177;Pluvigner;;< 5 MW;;;;;;
PLUVIP6;POSTE 225kV N0 1 PLUVIGNER;56177;Pluvigner;;< 5 MW;;;;;;
PODENP3;POSTE 63kV N0 1 PODENSAC;33327;Podensac;;< 5 MW;zone injection PV;du 1er mai au 2 septembre inclus;;;;
POISAP4;POSTE 90kV N0 1 POISARD;41047;La Chaussée-Saint-Victor;;< 5 MW;zone soutirage;;;;;
POISEP3;POSTE 63kV N0 1 POISEUL;21489;Poiseul-la-Grange;;< 5 MW;zone injection PV;du 1er mai au 2 septembre inclus;;;;
POISSP3;POSTE 63kV N0 1 POISSY;78498;Poissy;;< 5 MW;zone soutirage;;;;;
POITIP4;POSTE 90kV N0 1 POITIERS;86214;Saint-Benoît;;< 5 MW;zone soutirage;;;;;
POL45P4;POSTE 90kV N0 1 POLE 45;45235;Ormes;;< 5 MW;zone soutirage;;;;;
POLISP3;POSTE 63kV N0 1 POLISOT;10295;Polisot;;< 5 MW;;;;;;
POLY5P3;POSTE 63kV N0 1 POLYGONE (CLIENT);26362;Valence;;< 5 MW;zone soutirage;;;;;
POMERP4;POSTE 90kV N0 1 POMEROL;33243;Libourne;;< 5 MW;zone soutirage;;;;;
POMPIP3;POSTE 63kV N0 1 POMPIGNAC;33330;Pompignac;;< 5 MW;zone soutirage;;;;;
PONS P4;POSTE 90kV N0 1 PONS;17283;Pons;;< 5 MW;zone soutirage;;;;;
PONTEP6;POSTE 225kV N0 1 PONTEAU;13056;Martigues;;< 5 MW;;;;;;
PONTEP7;POSTE 400kV N0 1 PONTEAU;13056;Martigues;;< 5 MW;;;;;;
PORCHP3;POSTE 63kV N0 1 PORCHEVILLE;78501;Porcheville;;< 5 MW;zone soutirage;;;;;
PORCHP4;POSTE 90kV N0 1 PORCHEVILLE;78501;Porcheville;;< 5 MW;zone soutirage;;;;;
PORCHP6;POSTE 225kV N0 1 PORCHEVILLE;78501;Porcheville;;< 5 MW;zone soutirage;;;;;
PORNIP3;POSTE 63kV N0 1 PORNIC;44131;Pornic;;< 5 MW;;;;;;
PORT7P3;POSTE 63kV N0 1 PORTE;35236;Redon;;< 5 MW;zone soutirage;;;;;
POUANP4;POSTE 90kV N0 1 POUANCE;49248;Ombrée d'Anjou;;< 5 MW;zone injection PV;du 1er mai au 2 septembre inclus;;;;
POURPP3;POSTE 63kV N0 1 POURPRISES(LES);89074;Champigny;;< 5 MW;zone soutirage;;;;;
POUZAP4;POSTE 90kV N0 1 POUZAUGES;85182;Pouzauges;;< 5 MW;;;;;;
PRAD5P3;POSTE 63kV N0 1 PRADE (LA);12176;Onet-le-Château;;< 5 MW;;;;;;
PRAGNP3;POSTE 63kV N0 1 PRAGNERES;65192;Gavarnie-Gèdre;;< 5 MW;;;;;;
PRAGNP6;POSTE 225kV N0 1 PRAGNERES;65192;Gavarnie-Gèdre;;< 5 MW;;;;;;
PRAL5P3;POSTE 63kV N0 1 PRALONG;05046;Embrun;zone faisant l'objet de demandes;< 5 MW;zone injection PV;du 1er mai au 2 septembre inclus;gabarit en injection;50 MW;Haute-Durance;55 MW
PRAL5P6;POSTE 225kV N0 1 PRALONG;05046;Embrun;;< 5 MW;zone injection PV;du 1er mai au 2 septembre inclus;;;;
PRALOP3;POSTE 63kV N0 1 PRALOGNAN;73201;Planay;;< 5 MW;zone soutirage;;;;;
PRATCP3;POSTE 63kV N0 1 PRATCLAUX;43221;Saint-Privat-d'Allier;;< 5 MW;zone injection PV;du 1er mai au 2 septembre inclus;;;;
PRATCP6;POSTE 225kV N0 1 PRATCLAUX;43221;Saint-Privat-d'Allier;;< 5 MW;zone injection PV;du 1er mai au 2 septembre inclus;;;;
PRAUDP4;POSTE 90kV N0 1 PRAUD (LE);44029;Divatte-sur-Loire;;< 5 MW;;;;;;
PRAULP3;POSTE 63kV N0 1 PRAULIAT;63032;Beaumont;;< 5 MW;;;;;;
PREGUP4;POSTE 90kV N0 1 PREGUILLAC;17289;Préguillac;;< 5 MW;zone soutirage;;;;;
PREGUP6;POSTE 225kV N0 1 PREGUILLAC;17289;Préguillac;;< 5 MW;zone soutirage;;;;;
PREGUP7;POSTE 400kV N0 1 PREGUILLAC;17289;Préguillac;;< 5 MW;;;;;;
PRELEP3;POSTE 63kV N0 1 PRELES (LES);89438;Venoy;;< 5 MW;zone injection PV;du 1er mai au 2 septembre inclus;;;;
PRELEP6;POSTE 225kV N0 1 PRELES (LES);89438;Venoy;;< 5 MW;zone injection PV;du 1er mai au 2 septembre inclus;;;;
PREMYP3;POSTE 63kV N0 1 PREMY;59244;Fontaine-Notre-Dame;;< 5 MW;;;;;;
PRESSP3;POSTE 63kV N0 1 PRESSY;74081;Cluses;;< 5 MW;zone soutirage;;;;;
PRESSP6;POSTE 225kV N0 1 PRESSY;74081;Cluses;;< 5 MW;zone soutirage;;;;;
PRIEUP3;POSTE 63kV N0 1 PRIEURE (LE);51136;Châtillon-sur-Marne;;< 5 MW;;;;;;
PRINQP6;POSTE 225kV N0 1 PRINQUIAU;44137;Prinquiau;;< 5 MW;;;;;;
PRIVAP3;POSTE 63kV N0 1 PRIVAS;07186;Privas;;< 5 MW;zone soutirage;;;;;
PRRTTP4;POSTE 90kV N0 1 PIERRETTE (LA);59566;Sequedin;;< 5 MW;zone soutirage;;;;;
PRRTTP6;POSTE 225kV N0 1 PIERRETTE (LA);59566;Sequedin;;< 5 MW;zone soutirage;;;;;
PTAC P3;POSTE 63kV N0 1 PONTAC;33550;Villenave-d'Ornon;;< 5 MW;zone soutirage;;;;;
PTARLP3;POSTE 63kV N0 1 PONTARLIER;25462;Pontarlier;;< 5 MW;zone soutirage;;;;;
PTCHAP3;POSTE 63kV N0 1 PONTCHATEAU;44129;Pontchâteau;;< 5 MW;zone soutirage;;;;;
PTCHAP6;POSTE 225kV N0 1 PONTCHATEAU;44129;Pontchâteau;;< 5 MW;zone soutirage;;;;;
PTFAVP3;POSTE 63kV N0 1 PONTFAVERGER;51440;Pontfaverger-Moronvilliers;;< 5 MW;;;;;;
PTIVYP3;POSTE 63kV N0 1 PONTIVY;56178;Pontivy;;< 5 MW;;;;;;
PUBLIP3;POSTE 63kV N0 1 PUBLIER;74218;Publier;;< 5 MW;zone soutirage;;;;;
PUGETP3;POSTE 63kV N0 1 PUGET;83099;Puget-sur-Argens;;< 5 MW;;;;;;
PUISEP3;POSTE 63kV N0 1 PUISEUX;95127;Cergy;;< 5 MW;zone soutirage;;;;;
PUISEP6;POSTE 225kV N0 1 PUISEUX;95127;Cergy;;< 5 MW;zone soutirage;;;;;
PULUTP3;POSTE 63kV N0 1 PULUTENIA;64483;Saint-Jean-de-Luz;;< 5 MW;zone soutirage;;;;;
PUSY P3;POSTE 63kV N0 1 PUSY;70429;Pusy-et-Épenoux;;< 5 MW;zone soutirage;;;;;
PUSY P6;POSTE 225kV N0 1 PUSY;70429;Pusy-et-Épenoux;;< 5 MW;zone soutirage;;;;;
PUTE5P3;POSTE 63kV N0 1 PUTEAUX IMPASSE LEGAGNEUX;92062;Puteaux;;< 5 MW;zone soutirage;;;;;
PUTEAP6;POSTE 225kV N0 1 PUTEAUX;92062;Puteaux;;< 5 MW;zone soutirage;;;;;
PUTTEP3;POSTE 63kV N0 1 PUTTELANGE;57556;Puttelange-aux-Lacs;;< 5 MW;;;;;;
PUY  P3;POSTE 63kV N0 1 PUY (LE);43041;Brives-Charensac;;< 5 MW;zone soutirage;;;;;
PUYBEP4;POSTE 90kV N0 1 PUYBELLIARD;85051;Chantonnay;;< 5 MW;zone soutirage;;;;;
PUYPEP4;POSTE 90kV N0 1 PUYPERTUS;19211;Saint-Hilaire-Peyroux;;< 5 MW;;;;;;
PUYTHP7;POSTE 400kV N0 1 PUYTHOUCK;59271;Grande-Synthe;;< 5 MW;;;;;;
PYMONP3;POSTE 63kV N0 1 PYMONT;39567;Villeneuve-sous-Pymont;;< 5 MW;;;;;;
PYMONP6;POSTE 225kV N0 1 PYMONT;39567;Villeneuve-sous-Pymont;;< 5 MW;;;;;;
Q.SEIP3;POSTE 63kV N0 1 QUATRE-SEIGNEURS;34172;Montpellier;;< 5 MW;zone soutirage;;;;;
Q.SEIP6;POSTE 225kV N0 1 QUATRE-SEIGNEURS;34172;Montpellier;;< 5 MW;zone soutirage;;;;;
QUAROP3;POSTE 63kV N0 1 QUAROUBLE;59479;Quarouble;;< 5 MW;zone soutirage;;;;;
QUENTP4;POSTE 90kV N0 1 QUENTOIS;80379;Glisy;;< 5 MW;;;;;;
QUESTP3;POSTE 63kV N0 1 QUESTEMBERT;56184;Questembert;;< 5 MW;zone soutirage;;;;;
QUEVIP3;POSTE 63kV N0 1 QUEVILLONCOURT;54442;Quevilloncourt;;< 5 MW;;;;;;
QUIMPP3;POSTE 63kV N0 1 QUIMPER;29232;Quimper;;< 5 MW;zone soutirage;;;;;
QUINTP6;POSTE 225kV N0 1 QUINTES (LES);72155;Laigné-en-Belin;;< 5 MW;zone soutirage;;;;;
QUINTP7;POSTE 400kV N0 1 QUINTES (LES);72155;Laigné-en-Belin;;< 5 MW;;;;;;
R.CH5P3;POSTE 63kV N0 1 RECHICOURT-LE-CHATEAU;57564;Réchicourt-le-Château;;< 5 MW;;;;;;
R.GI5P3;POSTE 63kV N0 1 RIVE-DE-GIER;42242;Saint-Joseph;;< 5 MW;zone soutirage;;;;;
R.LANP3;POSTE 63kV N0 1 RION-DES-LANDES;40243;Rion-des-Landes;;< 5 MW;zone injection PV;du 1er mai au 2 septembre inclus;gabarit en injection;< 5 MW;Cantegrit;210 MW
R.LESP4;POSTE 90kV N0 1 ROUEN-LESSARD;76540;Rouen;;< 5 MW;;;;;;
R.YONP4;POSTE 90kV N0 1 ROCHE-SUR-YON (LA);85191;La Roche-sur-Yon;;< 5 MW;zone soutirage;;;;;
RABATP3;POSTE 63kV N0 1 RABATAU;13055;Marseille;;< 5 MW;zone soutirage;;;;;
RABATP6;POSTE 225kV N0 1 RABATAU;13055;Marseille;;< 5 MW;zone soutirage;;;;;
RABINP3;POSTE 63kV N0 1 RABINE (LA);56172;Plumelec;;< 5 MW;;;;;;
RABIOP4;POSTE 90kV N0 1 RABION;16015;Angoulême;;< 5 MW;;;;;;
RAMBEP3;POSTE 63kV N0 1 RAMBERVILLERS;88367;Rambervillers;;< 5 MW;;;;;;
RAMBOP4;POSTE 90kV N0 1 RAMBOUILLET;78517;Rambouillet;;< 5 MW;zone soutirage;;;;;
RAN.PP3;POSTE 63kV N0 1 RANCE-POSTE;35241;La Richardais;;< 5 MW;zone soutirage;;;;;
RAN.PP6;POSTE 225kV N0 1 RANCE-POSTE;35241;La Richardais;;< 5 MW;zone soutirage;;;;;
RANDEP3;POSTE 63kV N0 1 RANDENS;73212;Val-d'Arc;;< 5 MW;;;;;;
RANDEP5;POSTE 150kV N0 1 RANDENS;73212;Val-d'Arc;;< 5 MW;;;;;;
RANGUP3;POSTE 63kV N0 1 RANGUEVAUX;57562;Ranguevaux;;< 5 MW;zone soutirage;;;;;
RANTIP3;POSTE 63kV N0 1 RANTIGNY;60524;Rantigny;;< 5 MW;zone soutirage;;;;;
RANVIP6;POSTE 225kV N0 1 RANVILLE;14530;Ranville;;< 5 MW;zone soutirage;;;;;
RASSUP3;POSTE 63kV N0 1 RASSUEN;13047;Istres;;< 5 MW;;;;;;
RASSUP6;POSTE 225kV N0 1 RASSUEN;13047;Istres;;< 5 MW;;;;;;
REALMP3;POSTE 63kV N0 1 REALMONT;81222;Réalmont;;< 5 MW;;;;;;
REALTP6;POSTE 225kV N0 1 REALTOR;13019;Cabriès;;< 5 MW;zone soutirage;;;;;
REALTP7;POSTE 400kV N0 1 REALTOR;13019;Cabriès;;< 5 MW;;;;;;
REBEUP3;POSTE 63kV N0 1 REBEUVILLE;88376;Rebeuville;;< 5 MW;zone injection PV;du 1er mai au 2 septembre inclus;;;;
REBO5P4;POSTE 90kV N0 1 REBOURSIN;36170;Reboursin;;< 5 MW;zone injection PV;du 1er mai au 2 septembre inclus;gabarit en injection;< 5 MW;Varennes;65 MW
RECOUP6;POSTE 225kV N0 1 RECOUVRANCE;44063;Gétigné;;< 5 MW;;;;;;
RECREP4;POSTE 90kV N0 1 RECREDY (LE);85019;Bellevigny;;< 5 MW;zone soutirage;;;;;
RECY P3;POSTE 63kV N0 1 RECY;51453;Recy;;< 5 MW;;;;;;
RECY P6;POSTE 225kV N0 1 RECY;51453;Recy;;< 5 MW;;;;;;
REICHP3;POSTE 63kV N0 1 REICHSTETT;67389;Reichstett;;< 5 MW;zone soutirage;;;;;
REICHP6;POSTE 225kV N0 1 REICHSTETT;67389;Reichstett;;< 5 MW;zone soutirage;;;;;
REINAP3;POSTE 63kV N0 1 REINANGE;57733;Volstroff;;< 5 MW;;;;;;
REINIP4;POSTE 90kV N0 1 REINIERE;61414;Saint-Langis-lès-Mortagne;;< 5 MW;;;;;;
RELAIP4;POSTE 90kV N0 1 RELAIS (LES);45272;Saint-Cyr-en-Val;;< 5 MW;zone soutirage;;;;;
REMIRP3;POSTE 63kV N0 1 REMIREMONT;88383;Remiremont;;< 5 MW;;;;;;
REMISP3;POSTE 63kV N0 1 REMISE;60209;La Corne-en-Vexin;;< 5 MW;zone soutirage;;;;;
REMISP6;POSTE 225kV N0 1 REMISE;60209;La Corne-en-Vexin;;< 5 MW;zone soutirage;;;;;
REMISP7;POSTE 400kV N0 1 REMISE;60209;La Corne-en-Vexin;;< 5 MW;;;;;;
REOLEP3;POSTE 63kV N0 1 REOLE (LA);33352;La Réole;;< 5 MW;zone soutirage;;;;;
REPAIP4;POSTE 90kV N0 1 REPAIRE (LE);87146;Saint-Germain-les-Belles;;< 5 MW;;;;;;
REPASP3;POSTE 63kV N0 1 REPASSE (LA);04112;Manosque;;< 5 MW;zone injection PV;du 1er mai au 2 septembre inclus;;;;
REQUIP3;POSTE 63kV N0 1 REQUISTA;12197;Réquista;;< 5 MW;;;;;;
REQUIP6;POSTE 225kV N0 1 REQUISTA;12197;Réquista;;< 5 MW;;;;;;
RESOLP3;POSTE 63kV N0 1 RESOLUT;40197;Morcenx-la-Nouvelle;;< 5 MW;zone injection PV;du 1er mai au 2 septembre inclus;gabarit en injection;< 5 MW;Cantegrit;210 MW
RETHEP3;POSTE 63kV N0 1 RETHEL;08362;Rethel;;< 5 MW;;;;;;
REVELP3;POSTE 63kV N0 1 REVEL;31451;Revel;;< 5 MW;zone injection PV;du 1er mai au 2 septembre inclus;gabarit en injection;< 5 MW;Issel;55 MW
REVENP3;POSTE 63kV N0 1 REVENTIN;38336;Reventin-Vaugris;;< 5 MW;zone soutirage;;;;;
REVIGP3;POSTE 63kV N0 1 REVIGNY;55427;Revigny-sur-Ornain;;< 5 MW;zone injection PV;du 1er mai au 2 septembre inclus;;;;
REVIGP6;POSTE 225kV N0 1 REVIGNY;55427;Revigny-sur-Ornain;;< 5 MW;zone injection PV;du 1er mai au 2 septembre inclus;;;;
REVIGP7;POSTE 400kV N0 1 REVIGNY;55427;Revigny-sur-Ornain;;< 5 MW;;;;;;
REVINP3;POSTE 63kV N0 1 REVIN;08363;Revin;;< 5 MW;zone soutirage;;;;;
RHINAP3;POSTE 63kV N0 1 RHINAU;67397;Rhinau;;< 5 MW;zone soutirage;;;;;
RHINAP6;POSTE 225kV N0 1 RHINAU;67397;Rhinau;;< 5 MW;zone soutirage;;;;;
RIAILP4;POSTE 90kV N0 1 RIAILLE;44144;Riaillé;;< 5 MW;zone injection PV;du 1er mai au 2 septembre inclus;;;;
RIBEAP3;POSTE 63kV N0 1 RIBEAUVILLE;68113;Guémar;;< 5 MW;zone soutirage;;;;;
RIBEMP3;POSTE 63kV N0 1 RIBEMONT;02648;Ribemont;;< 5 MW;;;;;;
RICHAP6;POSTE 225kV N0 1 RICHARDET;93051;Noisy-le-Grand;;< 5 MW;zone soutirage;;;;;
RICHEP6;POSTE 225kV N0 1 RICHEMONT;57582;Richemont;;< 5 MW;zone soutirage;;;;;
RIETVP4;POSTE 90kV N0 1 RIETVELD;59662;Winnezeele;;< 5 MW;;;;;;
RIEZ P3;POSTE 63kV N0 1 RIEZ (LES);59476;Proville;;< 5 MW;;;;;;
RILLIP3;POSTE 63kV N0 1 RILLIEUX;69286;Rillieux-la-Pape;;< 5 MW;zone soutirage;;;;;
RIOM P3;POSTE 63kV N0 1 RIOM;63300;Riom;;< 5 MW;;;;;;
RIORGP3;POSTE 63kV N0 1 RIORGES;42184;Riorges;;< 5 MW;zone injection PV;du 1er mai au 2 septembre inclus;;;;
RISSOP6;POSTE 225kV N0 1 RISSO;06088;Nice;;< 5 MW;zone soutirage;;;;;
RIVAGP4;POSTE 90kV N0 1 RIVAGES (LES);18205;Saint-Doulchard;;< 5 MW;zone injection PV;du 1er mai au 2 septembre inclus;;;;
RIVE5P3;POSTE 63kV N0 1 RIVES;38337;Rives;;< 5 MW;zone soutirage;;;;;
RIVENP3;POSTE 63kV N0 1 RIVENEUVE;09225;Pamiers;;< 5 MW;zone injection PV;du 1er mai au 2 septembre inclus;;;;
RIVENP6;POSTE 225kV N0 1 RIVENEUVE;09225;Pamiers;;< 5 MW;zone injection PV;du 1er mai au 2 septembre inclus;;;;
RIVIEP3;POSTE 63kV N0 1 RIVIERE (LA);42218;Saint-Étienne;;< 5 MW;zone soutirage;;;;;
RIVIEP6;POSTE 225kV N0 1 RIVIERE (LA);42218;Saint-Étienne;;< 5 MW;zone soutirage;;;;;
ROANNP3;POSTE 63kV N0 1 ROANNE;42071;Le Coteau;;< 5 MW;zone soutirage;;;;;
ROBI5P6;POSTE 225kV N0 1 ROBINSON;92060;Le Plessis-Robinson;;< 5 MW;zone soutirage;;;;;
ROCH5P3;POSTE 63kV N0 1 ROCHETAILLEE;69168;Rochetaillée-sur-Saône;;< 5 MW;zone soutirage;;;;;
ROCH7P4;POSTE 90kV N0 1 ROCHEFOUCAULD (LA);16281;La Rochefoucauld-en-Angoumois;;< 5 MW;;;;;;
ROCH8P4;POSTE 90kV N0 1 ROCHEFORT;17299;Rochefort;;< 5 MW;zone soutirage;;;;;
RODE P3;POSTE 63kV N0 1 RODE (LA);83137;Toulon;;< 5 MW;zone soutirage;;;;;
RODEZP3;POSTE 63kV N0 1 RODEZ;12146;Le Monastère;;< 5 MW;;;;;;
ROGNAP3;POSTE 63kV N0 1 ROGNAC;13081;Rognac;;< 5 MW;zone soutirage;;;;;
ROGNAP6;POSTE 225kV N0 1 ROGNAC;13081;Rognac;;< 5 MW;zone soutirage;;;;;
ROISEP3;POSTE 63kV N0 1 ROISEL;80677;Roisel;;< 5 MW;;;;;;
ROJA P3;POSTE 63kV N0 1 ROJA;47310;Tonneins;;< 5 MW;zone soutirage;;;;;
ROLAMP3;POSTE 63kV N0 1 ROLAMPONT;52106;Chanoy;;< 5 MW;zone injection PV;du 1er mai au 2 septembre inclus;;;;
ROLAMP6;POSTE 225kV N0 1 ROLAMPONT;52106;Chanoy;;< 5 MW;zone injection PV;du 1er mai au 2 septembre inclus;;;;
ROM  P4;POSTE 90kV N0 1 ROM;79230;Rom;;< 5 MW;;;;;;
ROM  P6;POSTE 225kV N0 1 ROM;79230;Rom;;< 5 MW;;;;;;
ROM  P7;POSTE 400kV N0 1 ROM;79230;Rom;;< 5 MW;;;;;;
ROMAIP3;POSTE 63kV N0 1 ROMAINVILLE;93063;Romainville;;< 5 MW;zone soutirage;;;;;
ROMAIP6;POSTE 225kV N0 1 ROMAINVILLE;93063;Romainville;;< 5 MW;zone soutirage;;;;;
ROMELP3;POSTE 63kV N0 1 ROMELET;21355;Longvic;;< 5 MW;zone soutirage;;;;;
ROMILP4;POSTE 90kV N0 1 ROMILLY;10323;Romilly-sur-Seine;;< 5 MW;;;;;;
ROMORP4;POSTE 90kV N0 1 ROMORANTIN;41194;Romorantin-Lanthenay;;< 5 MW;zone injection PV;du 1er mai au 2 septembre inclus;gabarit en injection;< 5 MW;Varennes;65 MW
RONCHP3;POSTE 63kV N0 1 RONCHAMP;70451;Ronchamp;;< 5 MW;zone soutirage;;;;;
ROPHEP3;POSTE 63kV N0 1 ROPHEMEL;22208;Plouasne;;< 5 MW;zone soutirage;;;;;
ROSENP3;POSTE 63kV N0 1 ROSENAU;68286;Rosenau;;< 5 MW;zone soutirage;;;;;
ROSERP4;POSTE 90kV N0 1 ROSERAIE (LA);49278;Sainte-Gemmes-sur-Loire;;< 5 MW;zone soutirage;;;;;
ROSIEP3;POSTE 63kV N0 1 ROSIERES;10325;Rosières-près-Troyes;;< 5 MW;zone injection PV;du 1er mai au 2 septembre inclus;;;;
ROSIEP6;POSTE 225kV N0 1 ROSIERES;10325;Rosières-près-Troyes;;< 5 MW;zone injection PV;du 1er mai au 2 septembre inclus;;;;
ROSPEP3;POSTE 63kV N0 1 ROSPEZ;22265;Rospez;;< 5 MW;;;;;;
ROSPEP6;POSTE 225kV N0 1 ROSPEZ;22265;Rospez;;< 5 MW;;;;;;
ROSTRP3;POSTE 63kV N0 1 ROSTRENEN;22266;Rostrenen;;< 5 MW;;;;;;
ROUGEP6;POSTE 225kV N0 1 ROUGEMONTIER;27497;Rougemontiers;;< 5 MW;zone soutirage;;;;;
ROUGEP7;POSTE 400kV N0 1 ROUGEMONTIER;27497;Rougemontiers;;< 5 MW;;;;;;
ROUMAP6;POSTE 225kV N0 1 ROUMAGNOLLE;17347;Saint-Jean-d'Angély;;< 5 MW;;;;;;
ROUMOP6;POSTE 225kV N0 1 ROUMOULES;04172;Roumoules;;< 5 MW;zone injection PV;du 1er mai au 2 septembre inclus;;;;
ROUS5P3;POSTE 63kV N0 1 ROUSSET;13087;Rousset;;< 5 MW;zone soutirage;;;;;
ROUS6P4;POSTE 90kV N0 1 ROUSSINES;36174;Roussines;;< 5 MW;zone injection PV;du 1er mai au 2 septembre inclus;;;;
ROUS7P3;POSTE 63kV N0 1 ROUSSY;57600;Roussy-le-Village;;< 5 MW;zone soutirage;;;;;
ROUSSP3;POSTE 63kV N0 1 ROUSSON;89327;Rousson;;< 5 MW;zone soutirage;;;;;
ROUSSP6;POSTE 225kV N0 1 ROUSSON;89327;Rousson;;< 5 MW;zone soutirage;;;;;
ROUTYP7;POSTE 400kV N0 1 ROUTY;08320;La Neuville-en-Tourne-à-Fuy;;< 5 MW;;;;;;
ROYANP4;POSTE 90kV N0 1 ROYAN;17306;Royan;;< 5 MW;zone soutirage;;;;;
ROYE P3;POSTE 63kV N0 1 ROYE;80685;Roye;;< 5 MW;;;;;;
ROYE P6;POSTE 225kV N0 1 ROYE;80685;Roye;;< 5 MW;;;;;;
RQBILP3;POSTE 63kV N0 1 ROQUEBILLIERE;06103;Roquebillière;;< 5 MW;zone soutirage;;;;;
RQBILP5;POSTE 150kV N0 1 ROQUEBILLIERE;06103;Roquebillière;;< 5 MW;zone soutirage;;;;;
RQFORP3;POSTE 63kV N0 1 ROQUEFORT;40245;Roquefort;;< 5 MW;;;;;;
RQROUP3;POSTE 63kV N0 1 ROQUEROUSSE;13103;Salon-de-Provence;;< 5 MW;zone soutirage;;;;;
RQROUP6;POSTE 225kV N0 1 ROQUEROUSSE;13103;Salon-de-Provence;;< 5 MW;zone soutirage;;;;;
RUBLOP3;POSTE 63kV N0 1 RUBLOTS (LES);89344;Saint-Fargeau;;< 5 MW;;;;;;
RUE  P4;POSTE 90kV N0 1 RUE;80688;Rue;;< 5 MW;;;;;;
RUEILP3;POSTE 63kV N0 1 RUEIL;92063;Rueil-Malmaison;;< 5 MW;zone soutirage;;;;;
RUEILP6;POSTE 225kV N0 1 RUEIL;92063;Rueil-Malmaison;;< 5 MW;zone soutirage;;;;;
RUEYRP3;POSTE 63kV N0 1 RUEYRES;12036;Brommat;;< 5 MW;zone injection PV;du 1er mai au 2 septembre inclus;;;;
RUEYRP6;POSTE 225kV N0 1 RUEYRES;12036;Brommat;;< 5 MW;zone injection PV;du 1er mai au 2 septembre inclus;;;;
RUEYRP7;POSTE 400kV N0 1 RUEYRES;12036;Brommat;;< 5 MW;;;;;;
RUFFEP3;POSTE 63kV N0 1 RUFFE;34144;Lunas;;< 5 MW;;;;;;
RULHAP6;POSTE 225kV N0 1 RULHAT;63284;Pont-du-Château;;< 5 MW;zone soutirage;;;;;
RULHAP7;POSTE 400kV N0 1 RULHAT;63284;Pont-du-Château;;< 5 MW;;;;;;
RUMENP3;POSTE 63kV N0 1 RUMENGOL;29053;Le Faou;;< 5 MW;;;;;;
S.AIRP6;POSTE 225kV N0 1 SALON-BEL-AIR;13103;Salon-de-Provence;;< 5 MW;;;;;;
S.BARP3;POSTE 63kV N0 1 SERRE-BARBIN;05079;Le Monêtier-les-Bains;;< 5 MW;;;;;;
S.BLAP3;POSTE 63kV N0 1 SALON-CROIX-BLANCHE;13103;Salon-de-Provence;;< 5 MW;zone soutirage;;;;;
S.CHEP4;POSTE 90kV N0 1 SELLES-SUR-CHER;41242;Selles-sur-Cher;;< 5 MW;zone injection PV;du 1er mai au 2 septembre inclus;gabarit en injection;< 5 MW;Varennes;65 MW
S.DAMP3;POSTE 63kV N0 1 SOISSONS-NOTRE-DAME;02226;Courmelles;;< 5 MW;;;;;;
S.DAMP6;POSTE 225kV N0 1 SOISSONS-NOTRE-DAME;02226;Courmelles;;< 5 MW;;;;;;
S.DENP3;POSTE 63kV N0 1 SEPT-DENIERS;31555;Toulouse;;< 5 MW;zone soutirage;;;;;
S.FOUP3;POSTE 63kV N0 1 SIX-FOURS;83129;Six-Fours-les-Plages;;< 5 MW;zone soutirage;;;;;
S.GIRP3;POSTE 63kV N0 1 SALIN-DE-GIRAUD;13004;Arles;;< 5 MW;;;;;;
S.GUIP4;POSTE 90kV N0 1 SILLE-LE-GUILLAUME;72334;Sillé-le-Guillaume;;< 5 MW;zone soutirage;;;;;
S.LOIP4;POSTE 90kV N0 1 SULLY-SUR-LOIRE;45315;Sully-sur-Loire;;< 5 MW;;;;;;
S.PONP3;POSTE 63kV N0 1 SERRE-PONCON;04033;Ubaye-Serre-Ponçon;;< 5 MW;;;;;;
S.PONP6;POSTE 225kV N0 1 SERRE-PONCON;04033;Ubaye-Serre-Ponçon;;< 5 MW;;;;;;
S.UNIP3;POSTE 63kV N0 1 SARRE-UNION;67434;Sarre-Union;;< 5 MW;;;;;;
SABLEP4;POSTE 90kV N0 1 SABLE;72264;Sablé-sur-Sarthe;;< 5 MW;zone soutirage;;;;;
SABRAP3;POSTE 63kV N0 1 SABRAN;30225;Sabran;;< 5 MW;zone soutirage;;;;;
SACL5P6;POSTE 225kV N0 1 SACLAY (PLATEAU);91534;Saclay;;< 5 MW;zone soutirage;;;;;
SADIRP3;POSTE 63kV N0 1 SADIRAC;33363;Sadirac;;< 5 MW;;;;;;
SAGN5P3;POSTE 63kV N0 1 SAGNES (LES);05023;Briançon;;< 5 MW;;;;;;
SAILLP4;POSTE 90kV N0 1 SAILLANT (LE);19005;Allassac;;< 5 MW;;;;;;
SAIN5P3;POSTE 63kV N0 1 SAINTOIS;54513;Tantonville;;< 5 MW;;;;;;
SAINNP4;POSTE 90kV N0 1 SAINNEVILLE;76551;Sainneville;;< 5 MW;;;;;;
SAINNP6;POSTE 225kV N0 1 SAINNEVILLE;76551;Sainneville;;< 5 MW;;;;;;
SAINTP4;POSTE 90kV N0 1 SAINTES;17415;Saintes;;< 5 MW;;;;;;
SAINTP6;POSTE 225kV N0 1 SAINTES;17415;Saintes;;< 5 MW;;;;;;
SAISSP3;POSTE 63kV N0 1 SAISSE (LA);39435;Pont-de-Poitte;;< 5 MW;;;;;;
SALAIP3;POSTE 63kV N0 1 SALAISE;38468;Salaise-sur-Sanne;;< 5 MW;zone soutirage;;;;;
SALANP3;POSTE 63kV N0 1 SALANQUES;66180;Saint-Laurent-de-la-Salanque;;< 5 MW;zone injection PV;du 1er mai au 2 septembre inclus;gabarit en injection;< 5 MW;Baixas;210 MW
SALELP3;POSTE 63kV N0 1 SALELLES (LES);07305;Les Salelles;;< 5 MW;;;;;;
SALL7P3;POSTE 63kV N0 1 SALLE (LA);71494;La Salle;;< 5 MW;zone soutirage;;;;;
SALLAP3;POSTE 63kV N0 1 SALLANCHES;74256;Sallanches;;< 5 MW;zone soutirage;;;;;
SALSIP3;POSTE 63kV N0 1 SALSIGNE;11099;Conques-sur-Orbiel;;< 5 MW;;;;;;
SAMERP4;POSTE 90kV N0 1 SAMER;62821;Tingry;;< 5 MW;;;;;;
SAMOIP3;POSTE 63kV N0 1 SAMOIS;77186;Fontainebleau;;< 5 MW;zone soutirage;;;;;
SAMORP3;POSTE 63kV N0 1 SAMOREAU;77442;Samoreau;;< 5 MW;zone soutirage;;;;;
SANCEP3;POSTE 63kV N0 1 SANCERRE;18233;Saint-Satur;;< 5 MW;;;;;;
SANDOP4;POSTE 90kV N0 1 SANDOUVILLE;76660;Sandouville;;< 5 MW;;;;;;
SANDOP6;POSTE 225kV N0 1 SANDOUVILLE;76660;Sandouville;;< 5 MW;;;;;;
SANDRP3;POSTE 63kV N0 1 SANDRICOURT;60395;Méru;;< 5 MW;zone soutirage;;;;;
SANGOP3;POSTE 63kV N0 1 SANGONIS;34239;Saint-André-de-Sangonis;;< 5 MW;;;;;;
SANILP3;POSTE 63kV N0 1 SANILHAC;24312;Sanilhac;;< 5 MW;zone soutirage;;;;;
SANILP6;POSTE 225kV N0 1 SANILHAC;24312;Sanilhac;;< 5 MW;zone soutirage;;;;;
SANSSP3;POSTE 63kV N0 1 SANSSAC (L'EGLISE);43233;Sanssac-l'Église;;< 5 MW;zone soutirage;;;;;
SANSSP6;POSTE 225kV N0 1 SANSSAC (L'EGLISE);43233;Sanssac-l'Église;;< 5 MW;zone soutirage;;;;;
SAONEP3;POSTE 63kV N0 1 SAONE;25532;Saône;;< 5 MW;zone soutirage;;;;;
SAONEP6;POSTE 225kV N0 1 SAONE;25532;Saône;;< 5 MW;zone soutirage;;;;;
SAONNP4;POSTE 90kV N0 1 SAONNET;14668;Saonnet;;< 5 MW;;;;;;
SARANP4;POSTE 90kV N0 1 SARAN;45302;Saran;;< 5 MW;zone soutirage;;;;;
SARDOP3;POSTE 63kV N0 1 SARDON;42225;Genilac;;< 5 MW;zone soutirage;;;;;
SARLAP3;POSTE 63kV N0 1 SARLAT;24520;Sarlat-la-Canéda;;< 5 MW;zone soutirage;;;;;
SARR5P3;POSTE 63kV N0 1 SARRE;63113;Clermont-Ferrand;;< 5 MW;zone soutirage;;;;;
SARR6P3;POSTE 63kV N0 1 SARREGUEMINES;57568;Rémelfing;;< 5 MW;;;;;;
SARR6P6;POSTE 225kV N0 1 SARREGUEMINES;57568;Rémelfing;;< 5 MW;;;;;;
SARR7P3;POSTE 63kV N0 1 SARRALBE;57628;Sarralbe;;< 5 MW;;;;;;
SARR9P6;POSTE 225kV N0 1 SARRALTROFF;57629;Sarraltroff;;< 5 MW;zone soutirage;;;;;
SARREP3;POSTE 63kV N0 1 SARREBOURG;57630;Sarrebourg;;< 5 MW;;;;;;
SARSAP3;POSTE 63kV N0 1 SARSAN;65286;Lourdes;;< 5 MW;zone soutirage;;;;;
SARZEP3;POSTE 63kV N0 1 SARZEAU;56240;Sarzeau;;< 5 MW;zone soutirage;;;;;
SAUCAP3;POSTE 63kV N0 1 SAUCATS;33501;Saucats;zone faisant l'objet de demandes;< 5 MW;zone injection PV;du 1er mai au 2 septembre inclus;gabarit en injection;50 MW;Saucats;200 MW
SAUCAP6;POSTE 225kV N0 1 SAUCATS;33501;Saucats;zone faisant l'objet de demandes;< 5 MW;zone injection PV;du 1er mai au 2 septembre inclus;gabarit en injection;200 MW;Saucats;200 MW
SAUCAP7;POSTE 400kV N0 1 SAUCATS;33501;Saucats;;< 5 MW;;;;;;
SAUCLP3;POSTE 63kV N0 1 SAUCLIERES;34032;Béziers;;< 5 MW;zone soutirage;;;;;
SAUCOP4;POSTE 90kV N0 1 SAUCOURT;80597;Nibas;;< 5 MW;;;;;;
SAUDRP3;POSTE 63kV N0 1 SAUDRUPT;55470;Saudrupt;;< 5 MW;;;;;;
SAUGEP4;POSTE 90kV N0 1 SAUGEES;91570;Saint-Michel-sur-Orge;;< 5 MW;zone soutirage;;;;;
SAUILP3;POSTE 63kV N0 1 SAUILLY;89139;Diges;;< 5 MW;zone injection PV;du 1er mai au 2 septembre inclus;;;;
SAUJOP4;POSTE 90kV N0 1 SAUJON;17421;Saujon;;< 5 MW;;;;;;
SAUL5P6;POSTE 225kV N0 1 SAULNOIS;57381;Laneuveville-en-Saulnois;;< 5 MW;;;;;;
SAUM6P6;POSTE 225kV N0 1 SAUMATY;13055;Marseille;;< 5 MW;zone soutirage;;;;;
SAUMAP6;POSTE 225kV N0 1 SAUMADE;34172;Montpellier;;< 5 MW;zone soutirage;;;;;
SAUMUP4;POSTE 90kV N0 1 SAUMUR;49328;Saumur;;< 5 MW;;;;;;
SAUS2P6;POSTE 225kV N0 1 SAUSSAZ II (LA);73261;Saint-Michel-de-Maurienne;;< 5 MW;;;;;;
SAUS5P6;POSTE 225kV N0 1 SAUSSET;77294;Mitry-Mory;;< 5 MW;zone soutirage;;;;;
SAUS5P7;POSTE 400kV N0 1 SAUSSET;77294;Mitry-Mory;;< 5 MW;;;;;;
SAUS6P4;POSTE 90kV N0 1 SAUSSAYE;45272;Saint-Cyr-en-Val;;< 5 MW;zone soutirage;;;;;
SAUTIP3;POSTE 63kV N0 1 SAUTILLET;02514;Montigny-Lengrain;;< 5 MW;;;;;;
SAUVEP3;POSTE 63kV N0 1 SAUVETAT (LA);47290;La Sauvetat-du-Dropt;;< 5 MW;zone soutirage;;;;;
SAVIGP3;POSTE 63kV N0 1 SAVIGNAC;15231;Talizat;;< 5 MW;zone injection PV;du 1er mai au 2 septembre inclus;;;;
SAVIGP6;POSTE 225kV N0 1 SAVIGNAC;15231;Talizat;;< 5 MW;zone injection PV;du 1er mai au 2 septembre inclus;;;;
SCARPP4;POSTE 90kV N0 1 SCARPE;62128;Biache-Saint-Vaast;;< 5 MW;;;;;;
SCHEEP3;POSTE 63kV N0 1 SCHEER;67481;Stotzheim;;< 5 MW;zone soutirage;;;;;
SCHEEP6;POSTE 225kV N0 1 SCHEER;67481;Stotzheim;;< 5 MW;zone soutirage;;;;;
SCHEEP7;POSTE 400kV N0 1 SCHEER;67481;Stotzheim;;< 5 MW;;;;;;
SECARP3;POSTE 63kV N0 1 SECARY;33529;La Teste-de-Buch;;< 5 MW;;;;;;
SEES P4;POSTE 90kV N0 1 SEES;61464;Sées;;< 5 MW;zone soutirage;;;;;
SEGREP4;POSTE 90kV N0 1 SEGRE;49331;Segré-en-Anjou Bleu;;< 5 MW;zone soutirage;;;;;
SEIGYP4;POSTE 90kV N0 1 SEIGY;41239;Seigy;;< 5 MW;zone injection PV;du 1er mai au 2 septembre inclus;gabarit en injection;< 5 MW;Varennes;65 MW
SEINEP3;POSTE 63kV N0 1 SEINE;93066;Saint-Denis;;< 5 MW;zone soutirage;;;;;
SEINEP6;POSTE 225kV N0 1 SEINE;93066;Saint-Denis;;< 5 MW;zone soutirage;;;;;
SELESP3;POSTE 63kV N0 1 SELESTAT;67445;Scherwiller;;< 5 MW;zone soutirage;;;;;
SELONP3;POSTE 63kV N0 1 SELONCOURT;25539;Seloncourt;;< 5 MW;;;;;;
SEMBLP4;POSTE 90kV N0 1 SEMBLANCAY;37245;Semblançay;;< 5 MW;zone soutirage;;;;;
SEMEZP3;POSTE 63kV N0 1 SEMEZIES;32428;Sémézies-Cachan;;< 5 MW;zone injection PV;du 1er mai au 2 septembre inclus;gabarit en injection;< 5 MW;Jalis;105 MW
SEMINP3;POSTE 63kV N0 1 SEMINAIRE;03321;Yzeure;;< 5 MW;zone injection PV;du 1er mai au 2 septembre inclus;;;;
SEMINP6;POSTE 225kV N0 1 SEMINAIRE;03321;Yzeure;;< 5 MW;zone injection PV;du 1er mai au 2 septembre inclus;;;;
SENARP6;POSTE 225kV N0 1 SENART;77296;Moissy-Cramayel;;< 5 MW;zone soutirage;;;;;
SENLIP3;POSTE 63kV N0 1 SENLIS;60612;Senlis;;< 5 MW;zone soutirage;;;;;
SENS P3;POSTE 63kV N0 1 SENS;89387;Sens;;< 5 MW;zone soutirage;;;;;
SEPTEP3;POSTE 63kV N0 1 SEPTEMES;13106;Septèmes-les-Vallons;;< 5 MW;zone soutirage;;;;;
SEPTEP6;POSTE 225kV N0 1 SEPTEMES;13106;Septèmes-les-Vallons;;< 5 MW;zone soutirage;;;;;
SEREIP6;POSTE 225kV N0 1 SEREIN;89227;Ligny-le-Châtel;;< 5 MW;;;;;;
SEREIP7;POSTE 400kV N0 1 SEREIN;89227;Ligny-le-Châtel;;< 5 MW;;;;;;
SERMAP4;POSTE 90kV N0 1 SERMAISES;45310;Sermaises;;< 5 MW;;;;;;
SERQUP4;POSTE 90kV N0 1 SERQUIGNY;27622;Serquigny;;< 5 MW;zone soutirage;;;;;
SERRIP3;POSTE 63kV N0 1 SERRIERES;73286;Serrières-en-Chautagne;;< 5 MW;;;;;;
SERRIP6;POSTE 225kV N0 1 SERRIERES;73286;Serrières-en-Chautagne;;< 5 MW;;;;;;
SERV6P4;POSTE 90kV N0 1 SERVON;35327;Servon-sur-Vilaine;;< 5 MW;zone soutirage;;;;;
SERVAP3;POSTE 63kV N0 1 SERVAS;01336;Saint-André-sur-Vieux-Jonc;;< 5 MW;zone soutirage;;;;;
SETE P3;POSTE 63kV N0 1 SETE;34301;Sète;;< 5 MW;zone soutirage;;;;;
SETIEP3;POSTE 63kV N0 1 SETIER;02371;Harly;;< 5 MW;;;;;;
SETIEP6;POSTE 225kV N0 1 SETIER;02371;Harly;;< 5 MW;;;;;;
SEUILP3;POSTE 63kV N0 1 SEUIL;08416;Seuil;;< 5 MW;;;;;;
SEUILP4;POSTE 90kV N0 1 SEUIL;08416;Seuil;;< 5 MW;;;;;;
SEUILP6;POSTE 225kV N0 1 SEUIL;08416;Seuil;;< 5 MW;;;;;;
SEUILP7;POSTE 400kV N0 1 SEUIL;08416;Seuil;;< 5 MW;;;;;;
SEVE5P3;POSTE 63kV N0 1 SEVERAC;44196;Sévérac;;< 5 MW;zone soutirage;;;;;
SEVERP3;POSTE 63kV N0 1 SEVERAC-LE-CHATEAU;12270;Sévérac d'Aveyron;;< 5 MW;zone injection PV;du 1er mai au 2 septembre inclus;;;;
SEVIGP3;POSTE 63kV N0 1 SEVIGNAC;22337;Sévignac;;< 5 MW;;;;;;
SEYNEP3;POSTE 63kV N0 1 SEYNE (LA);83126;La Seyne-sur-Mer;;< 5 MW;zone soutirage;;;;;
SEYS5P3;POSTE 63kV N0 1 SEYSSES;31547;Seysses;;< 5 MW;zone soutirage;;;;;
SEZANP4;POSTE 90kV N0 1 SEZANNE;51535;Sézanne;;< 5 MW;;;;;;
SIAGNP3;POSTE 63kV N0 1 SIAGNE (LA);06118;Saint-Cézaire-sur-Siagne;;< 5 MW;;;;;;
SIEREP6;POSTE 225kV N0 1 SIERENTZ;68309;Sierentz;;< 5 MW;;;;;;
SIEREP7;POSTE 400kV N0 1 SIERENTZ;68309;Sierentz;;< 5 MW;;;;;;
SIGNEP3;POSTE 63kV N0 1 SIGNES;83127;Signes;;< 5 MW;zone soutirage;;;;;
SINCEP3;POSTE 63kV N0 1 SINCENY;02719;Sinceny;;< 5 MW;;;;;;
SIRMIP4;POSTE 90kV N0 1 SIRMIERE;85191;La Roche-sur-Yon;;< 5 MW;zone soutirage;;;;;
SIRMIP6;POSTE 225kV N0 1 SIRMIERE;85191;La Roche-sur-Yon;;< 5 MW;zone soutirage;;;;;
SISTEP3;POSTE 63kV N0 1 SISTERON;04209;Sisteron;zone faisant l'objet de demandes;< 5 MW;zone injection PV;du 1er mai au 2 septembre inclus;gabarit en injection;50 MW;Moyenne-Durance;55 MW
SISTEP6;POSTE 225kV N0 1 SISTERON;04209;Sisteron;;< 5 MW;zone injection PV;du 1er mai au 2 septembre inclus;;;;
SOISSP3;POSTE 63kV N0 1 SOISSONS-SAINT-PAUL;02722;Soissons;;< 5 MW;;;;;;
SOLEIP3;POSTE 63kV N0 1 SOLEIL (LE);42218;Saint-Étienne;;< 5 MW;zone soutirage;;;;;
SOLEIP6;POSTE 225kV N0 1 SOLEIL (LE);42218;Saint-Étienne;;< 5 MW;zone soutirage;;;;;
SOLESP3;POSTE 63kV N0 1 SOLESMES;59571;Solesmes;;< 5 MW;;;;;;
SOLLIP3;POSTE 63kV N0 1 SOLLIES;83131;Solliès-Toucas;;< 5 MW;zone soutirage;;;;;
SOMBUP3;POSTE 63kV N0 1 SOMBUSSY;55292;Liny-devant-Dun;;< 5 MW;;;;;;
SOMMIP3;POSTE 63kV N0 1 SOMMIERES;30321;Sommières;;< 5 MW;zone soutirage;;;;;
SONNEP6;POSTE 225kV N0 1 SONNETTES;94019;Chennevières-sur-Marne;;< 5 MW;zone soutirage;;;;;
SORGUP3;POSTE 63kV N0 1 SORGUES;84129;Sorgues;;< 5 MW;zone soutirage;;;;;
SORIGP4;POSTE 90kV N0 1 SORIGNY;37250;Sorigny;;< 5 MW;zone soutirage;;;;;
SORINP4;POSTE 90kV N0 1 SORINIERES;44198;Les Sorinières;;< 5 MW;;;;;;
SORNAP3;POSTE 63kV N0 1 SORNAT;71047;Bourbon-Lancy;;< 5 MW;;;;;;
SORRUP4;POSTE 90kV N0 1 SORRUS;62799;Sorrus;;< 5 MW;;;;;;
SORRUP6;POSTE 225kV N0 1 SORRUS;62799;Sorrus;;< 5 MW;;;;;;
SOSPEP3;POSTE 63kV N0 1 SOSPEL;06136;Sospel;;< 5 MW;;;;;;
SOUILP3;POSTE 63kV N0 1 SOUILLAC;46309;Souillac;;< 5 MW;zone soutirage;;;;;
SOULLP4;POSTE 90kV N0 1 SOULLANS;85284;Soullans;;< 5 MW;;;;;;
SOULLP6;POSTE 225kV N0 1 SOULLANS;85284;Soullans;;< 5 MW;;;;;;
SOULOP3;POSTE 63kV N0 1 SOULOM;65435;Soulom;;< 5 MW;;;;;;
SOUR5P4;POSTE 90kV N0 1 SOURCE;45272;Saint-Cyr-en-Val;;< 5 MW;zone soutirage;;;;;
SOUSTP3;POSTE 63kV N0 1 SOUSTONS;40310;Soustons;;< 5 MW;zone soutirage;;;;;
SOYAUP4;POSTE 90kV N0 1 SOYAUX;16374;Soyaux;;< 5 MW;;;;;;
SQUIVP3;POSTE 63kV N0 1 SQUIVIDAN;29051;Ergué-Gabéric;;< 5 MW;zone soutirage;;;;;
SQUIVP6;POSTE 225kV N0 1 SQUIVIDAN;29051;Ergué-Gabéric;;< 5 MW;zone soutirage;;;;;
SSAG5P3;POSTE 63kV N0 1 ST-AGATHON;22272;Saint-Agathon;;< 5 MW;;;;;;
SSAL5P3;POSTE 63kV N0 1 ST-PIERRE-D ALBIGNY;73079;Châteauneuf;;< 5 MW;zone soutirage;;;;;
SSALBP3;POSTE 63kV N0 1 ST-ALBAN;31467;Saint-Alban;;< 5 MW;zone soutirage;;;;;
SSAM5P3;POSTE 63kV N0 1 ST-AMAND;59526;Saint-Amand-les-Eaux;;< 5 MW;zone soutirage;;;;;
SSAMAP4;POSTE 90kV N0 1 SAINT-AMAND-MONTROND;18197;Saint-Amand-Montrond;;< 5 MW;zone injection PV;du 1er mai au 2 septembre inclus;;;;
SSAMOP6;POSTE 225kV N0 1 ST AMOUR;69123;Lyon;;< 5 MW;zone soutirage;;;;;
SSAN5P3;POSTE 63kV N0 1 ST-ANTONIN;82155;Saint-Antonin-Noble-Val;;< 5 MW;zone soutirage;;;;;
SSANGP4;POSTE 90kV N0 1 ST-JEAN-D ANGELY;17347;Saint-Jean-d'Angély;;< 5 MW;;;;;;
SSANJP4;POSTE 90kV N0 1 ST-SYLVAIN-D'ANJOU;49323;Verrières-en-Anjou;;< 5 MW;zone soutirage;;;;;
SSARDP3;POSTE 63kV N0 1 ST-JEAN D ARDIERES;69019;Belleville-en-Beaujolais;;< 5 MW;zone soutirage;;;;;
SSAU5P3;POSTE 63kV N0 1 ST-AUBIN;91679;Villiers-le-Bâcle;;< 5 MW;zone soutirage;;;;;
SSAU5P6;POSTE 225kV N0 1 ST-AUBIN;91679;Villiers-le-Bâcle;;< 5 MW;zone soutirage;;;;;
SSAUBP3;POSTE 63kV N0 1 ST-AUBAN;04049;Château-Arnoux-Saint-Auban;;< 5 MW;zone injection PV;du 1er mai au 2 septembre inclus;gabarit en injection;< 5 MW;Moyenne-Durance;55 MW
SSAUBP6;POSTE 225kV N0 1 ST-AUBAN;04049;Château-Arnoux-Saint-Auban;;< 5 MW;zone injection PV;du 1er mai au 2 septembre inclus;;;;
SSAVOP3;POSTE 63kV N0 1 ST-AVOLD;57606;Saint-Avold;;< 5 MW;;;;;;
SSAVOP6;POSTE 225kV N0 1 ST-AVOLD;57606;Saint-Avold;;< 5 MW;;;;;;
SSAVOP7;POSTE 400kV N0 1 ST-AVOLD;57606;Saint-Avold;;< 5 MW;;;;;;
SSBAIP4;POSTE 90kV N0 1 ST-PIERRE-DE-BAILLEUL;27589;Saint-Pierre-de-Bailleul;;< 5 MW;zone soutirage;;;;;
SSBAIP6;POSTE 225kV N0 1 ST-PIERRE-DE-BAILLEUL;27589;Saint-Pierre-de-Bailleul;;< 5 MW;zone soutirage;;;;;
SSBARP3;POSTE 63kV N0 1 STE-BARBE;21568;Saint-Rémy;;< 5 MW;zone injection PV;du 1er mai au 2 septembre inclus;;;;
SSBE5P3;POSTE 63kV N0 1 ST-BERNARD;01339;Saint-Bernard;;< 5 MW;zone soutirage;;;;;
SSBLAP3;POSTE 63kV N0 1 ST-BLAISE;67424;Saint-Blaise-la-Roche;;< 5 MW;;;;;;
SSBONP3;POSTE 63kV N0 1 ST-BONNET (-LE-CHATEAU);42312;La Tourette;;< 5 MW;zone soutirage;;;;;
SSBOUP4;POSTE 90kV N0 1 ST-PHILBERT-DE-BOUAINE;85262;Saint-Philbert-de-Bouaine;;< 5 MW;zone soutirage;;;;;
SSBR6P4;POSTE 90kV N0 1 ST-BRICE-EN-COGLES;35257;Maen Roch;;< 5 MW;zone soutirage;;;;;
SSBRIP3;POSTE 63kV N0 1 ST-BRIEUC;22278;Saint-Brieuc;;< 5 MW;;;;;;
SSCALP4;POSTE 90kV N0 1 ST-CALAIS;72269;Saint-Calais;;< 5 MW;zone soutirage;;;;;
SSCASP3;POSTE 63kV N0 1 ST-CASSIEN;83133;Tanneron;;< 5 MW;;;;;;
SSCECP3;POSTE 63kV N0 1 STE-CECILE-LES-VIGNES;84106;Sainte-Cécile-les-Vignes;;< 5 MW;zone soutirage;;;;;
SSCERP3;POSTE 63kV N0 1 ST-CERE;46251;Saint-Céré;;< 5 MW;zone injection PV;du 1er mai au 2 septembre inclus;;;;
SSCESP3;POSTE 63kV N0 1 ST-CESAIRE;30189;Nîmes;;< 5 MW;zone soutirage;;;;;
SSCESP6;POSTE 225kV N0 1 ST-CESAIRE;30189;Nîmes;;< 5 MW;zone soutirage;;;;;
SSCH6P3;POSTE 63kV N0 1 ST-CHARLES;54547;Vandœuvre-lès-Nancy;;< 5 MW;zone soutirage;;;;;
SSCHAP3;POSTE 63kV N0 1 ST-CHAMAS;13092;Saint-Chamas;;< 5 MW;zone injection PV;du 1er mai au 2 septembre inclus;;;;
SSCHAP6;POSTE 225kV N0 1 ST-CHAMAS;13092;Saint-Chamas;;< 5 MW;zone injection PV;du 1er mai au 2 septembre inclus;;;;
SSCHRP3;POSTE 63kV N0 1 ST-CHRISTOL;34246;Entre-Vignes;;< 5 MW;zone soutirage;;;;;
SSCHRP6;POSTE 225kV N0 1 ST-CHRISTOL;34246;Entre-Vignes;;< 5 MW;zone soutirage;;;;;
SSCL5P3;POSTE 63kV N0 1 ST-CLAUDE;39478;Saint-Claude;;< 5 MW;;;;;;
SSCLAP3;POSTE 63kV N0 1 ST-CLAIR;38378;Saint-Clair-du-Rhône;;< 5 MW;zone soutirage;;;;;
SSCO6P3;POSTE 63kV N0 1 ST-COULITZ;29243;Saint-Coulitz;;< 5 MW;zone soutirage;;;;;
SSCONP4;POSTE 90kV N0 1 ST-CONTEST;14566;Saint-Contest;;< 5 MW;;;;;;
SSCOUP4;POSTE 90kV N0 1 ST-PIERRE-LA-COUR;53247;Saint-Pierre-la-Cour;;< 5 MW;zone soutirage;;;;;
SSCUBP3;POSTE 63kV N0 1 ST-ANDRE-DE-CUBZAC;33366;Saint-André-de-Cubzac;;< 5 MW;;;;;;
SSCYPP3;POSTE 63kV N0 1 ST-CYPRIEN;66171;Saint-Cyprien;;< 5 MW;zone soutirage;;;;;
SSCYRP3;POSTE 63kV N0 1 ST-CYR-SUR-MER;83112;Saint-Cyr-sur-Mer;;< 5 MW;zone soutirage;;;;;
SSDALP3;POSTE 63kV N0 1 ST-DALMAS;06163;Tende;;< 5 MW;zone soutirage;;;;;
SSDIEP3;POSTE 63kV N0 1 ST-DIE;88424;Sainte-Marguerite;;< 5 MW;;;;;;
SSDOUP4;POSTE 90kV N0 1 ST-DOULCHARD;18205;Saint-Doulchard;;< 5 MW;zone injection PV;du 1er mai au 2 septembre inclus;;;;
SSEGRP3;POSTE 63kV N0 1 ST-EGREVE;38382;Saint-Égrève;;< 5 MW;zone soutirage;;;;;
SSELOP3;POSTE 63kV N0 1 ST-ELOI;58238;Saint-Éloi;;< 5 MW;;;;;;
SSELOP6;POSTE 225kV N0 1 ST-ELOI;58238;Saint-Éloi;;< 5 MW;;;;;;
SSELOP7;POSTE 400kV N0 1 ST-ELOI;58238;Saint-Éloi;;< 5 MW;;;;;;
SSESTP3;POSTE 63kV N0 1 ST-ESTEVE;13093;Saint-Estève-Janson;;< 5 MW;zone injection PV;du 1er mai au 2 septembre inclus;;;;
SSESTP6;POSTE 225kV N0 1 ST-ESTEVE;13093;Saint-Estève-Janson;;< 5 MW;zone injection PV;du 1er mai au 2 septembre inclus;;;;
SSEULP3;POSTE 63kV N0 1 STE-EULALIE;33397;Sainte-Eulalie;;< 5 MW;zone soutirage;;;;;
SSFENP3;POSTE 63kV N0 1 ST-PAUL-DE-FENOUILLET;66187;Saint-Paul-de-Fenouillet;;< 5 MW;zone injection PV;du 1er mai au 2 septembre inclus;gabarit en injection;< 5 MW;Baixas;210 MW
SSFERP3;POSTE 63kV N0 1 ST-FERJEUX;25056;Besançon;;< 5 MW;zone soutirage;;;;;
SSFEYP4;POSTE 90kV N0 1 STE-FEYRE;23193;Sainte-Feyre;;< 5 MW;zone injection PV;du 1er mai au 2 septembre inclus;;;;
SSFEYP6;POSTE 225kV N0 1 STE-FEYRE;23193;Sainte-Feyre;;< 5 MW;zone injection PV;du 1er mai au 2 septembre inclus;;;;
SSFL8P3;POSTE 63kV N0 1 ST-FLOUR;15187;Saint-Flour;;< 5 MW;zone injection PV;du 1er mai au 2 septembre inclus;;;;
SSFLOP4;POSTE 90kV N0 1 ST-FLORENT;79191;Niort;;< 5 MW;;;;;;
SSFLOP6;POSTE 225kV N0 1 ST-FLORENT;79191;Niort;;< 5 MW;;;;;;
SSFOLP4;POSTE 90kV N0 1 ST-JEAN-DE-FOLLEVILLE;76592;Saint-Jean-de-Folleville;;< 5 MW;;;;;;
SSFOYP3;POSTE 63kV N0 1 STE-FOY(-LA-GRANDE);33324;Pineuilh;;< 5 MW;zone soutirage;;;;;
SSGCOP3;POSTE 63kV N0 1 SAINT-GERAUD-DE-CORPS;24415;Saint-Géraud-de-Corps;;< 5 MW;zone soutirage;;;;;
SSGE6P4;POSTE 90kV N0 1 ST-GEORGES-SUR-LOIRE;49283;Saint-Georges-sur-Loire;;< 5 MW;zone soutirage;;;;;
SSGE7P3;POSTE 63kV N0 1 ST-JULIEN-EN-GENEVOIS;74243;Saint-Julien-en-Genevois;;< 5 MW;zone soutirage;;;;;
SSGEOP3;POSTE 63kV N0 1 ST-GEORGES;11021;Axat;;< 5 MW;;;;;;
SSGILP4;POSTE 90kV N0 1 ST-GILLES;85222;Saint-Gilles-Croix-de-Vie;;< 5 MW;;;;;;
SSGRAP3;POSTE 63kV N0 1 ST-GRAVE;56218;Saint-Gravé;;< 5 MW;;;;;;
SSGUIP3;POSTE 63kV N0 1 ST-GUILLERME;38020;Auris;;< 5 MW;zone soutirage;;;;;
SSGUIP6;POSTE 225kV N0 1 ST-GUILLERME;38020;Auris;;< 5 MW;zone soutirage;;;;;
SSHE8P3;POSTE 63kV N0 1 ST-HERBLAIN;44162;Saint-Herblain;;< 5 MW;zone soutirage;;;;;
SSHENP3;POSTE 63kV N0 1 ST-HENRI;46042;Cahors;;< 5 MW;zone soutirage;;;;;
SSHERP3;POSTE 63kV N0 1 ST-HERBOT;29141;Loqueffret;;< 5 MW;;;;;;
SSHILP3;POSTE 63kV N0 1 ST-HILAIRE;26034;La Baume-d'Hostun;;< 5 MW;zone injection PV;du 1er mai au 2 septembre inclus;;;;
SSHONP3;POSTE 63kV N0 1 ST-HONORE;58246;Saint-Honoré-les-Bains;;< 5 MW;;;;;;
SSHUBP3;POSTE 63kV N0 1 SAINT HUBERT;57683;Uckange;;< 5 MW;zone soutirage;;;;;
SSHUBP6;POSTE 225kV N0 1 SAINT HUBERT;57683;Uckange;;< 5 MW;zone soutirage;;;;;
SSILLP3;POSTE 63kV N0 1 ST-JEAN-D ILLAC;33422;Saint-Jean-d'Illac;;< 5 MW;;;;;;
SSISLP3;POSTE 63kV N0 1 ST-LEON-SUR-L ISLE;24442;Saint-Léon-sur-l'Isle;;< 5 MW;zone soutirage;;;;;
SSJEAP3;POSTE 63kV N0 1 ST-JEAN;02691;Saint-Quentin;;< 5 MW;;;;;;
SSJOSP3;POSTE 63kV N0 1 ST-JOSEPH;44109;Nantes;;< 5 MW;zone soutirage;;;;;
SSJOSP6;POSTE 225kV N0 1 ST-JOSEPH;44109;Nantes;;< 5 MW;zone soutirage;;;;;
SSJULP3;POSTE 63kV N0 1 ST-JULIEN;57616;Saint-Julien-lès-Metz;;< 5 MW;zone soutirage;;;;;
SSJULP6;POSTE 225kV N0 1 ST-JULIEN;57616;Saint-Julien-lès-Metz;;< 5 MW;zone soutirage;;;;;
SSJUNP4;POSTE 90kV N0 1 ST-JUNIEN;87154;Saint-Junien;;< 5 MW;zone injection PV;du 1er mai au 2 septembre inclus;;;;
SSJUSP3;POSTE 63kV N0 1 ST-JUST (-SUR-LOIRE);42279;Saint-Just-Saint-Rambert;;< 5 MW;zone soutirage;;;;;
SSLARP3;POSTE 63kV N0 1 ST-LARY;65388;Saint-Lary-Soulan;;< 5 MW;zone injection PV;du 1er mai au 2 septembre inclus;;;;
SSLEOP3;POSTE 63kV N0 1 ST-POL-DE-LEON;29259;Saint-Pol-de-Léon;;< 5 MW;;;;;;
SSLIVP3;POSTE 63kV N0 1 STE-LIVRADE;47252;Sainte-Livrade-sur-Lot;;< 5 MW;zone injection PV;du 1er mai au 2 septembre inclus;;;;
SSLONP3;POSTE 63kV N0 1 ST-MARTIN-DE-LONDRES;34274;Saint-Martin-de-Londres;;< 5 MW;zone soutirage;;;;;
SSMA7P3;POSTE 63kV N0 1 STE-MAXIME;83115;Sainte-Maxime;;< 5 MW;;;;;;
SSMA8P3;POSTE 63kV N0 1 ST-MAXIMIN;83116;Saint-Maximin-la-Sainte-Baume;;< 5 MW;;;;;;
SSMAIP4;POSTE 90kV N0 1 ST-MAIXENT;79270;Saint-Maixent-l'École;;< 5 MW;;;;;;
SSMALP3;POSTE 63kV N0 1 ST-MALO;35288;Saint-Malo;;< 5 MW;zone soutirage;;;;;
SSMAXP3;POSTE 63kV N0 1 STE-MAXENCE;60509;Pont-Sainte-Maxence;;< 5 MW;zone soutirage;;;;;
SSMAYP3;POSTE 63kV N0 1 ST-MAYME;24459;Saint-Mayme-de-Péreyrol;;< 5 MW;zone soutirage;;;;;
SSMC5P3;POSTE 63kV N0 1 ST-MARCELLIN;38416;Saint-Marcellin;;< 5 MW;zone soutirage;;;;;
SSMCEP4;POSTE 90kV N0 1 ST-MARCEL;36200;Saint-Marcel;;< 5 MW;zone injection PV;du 1er mai au 2 septembre inclus;;;;
SSMENP3;POSTE 63kV N0 1 STE-MENEHOULD;51507;Sainte-Menehould;;< 5 MW;;;;;;
SSMEUP3;POSTE 63kV N0 1 ST-MICHEL-SUR-MEURTHE;88428;Saint-Michel-sur-Meurthe;;< 5 MW;;;;;;
SSMIHP3;POSTE 63kV N0 1 ST-MIHIEL;55401;Les Paroches;;< 5 MW;;;;;;
SSMINP3;POSTE 63kV N0 1 STE-MARIE-AUX-MINES;68298;Sainte-Marie-aux-Mines;;< 5 MW;zone soutirage;;;;;
SSMO5P4;POSTE 90kV N0 1 ST-PIERRE-MONTLIMART;49218;Montrevault-sur-Èvre;;< 5 MW;;;;;;
SSMONP4;POSTE 90kV N0 1 ST-JEAN-DE-MONTS;85234;Saint-Jean-de-Monts;;< 5 MW;;;;;;
SSNABP3;POSTE 63kV N0 1 ST-NABORD;88429;Saint-Nabord;;< 5 MW;;;;;;
SSNABP6;POSTE 225kV N0 1 ST-NABORD;88429;Saint-Nabord;;< 5 MW;;;;;;
SSNAZP3;POSTE 63kV N0 1 ST-NAZAIRE;44184;Saint-Nazaire;;< 5 MW;zone soutirage;;;;;
SSNI6P3;POSTE 63kV N0 1 ST-NICOLAS (DU PELEM);22321;Saint-Nicolas-du-Pélem;;< 5 MW;;;;;;
SSNOBP4;POSTE 90kV N0 1 ST-LEONARD-DE-NOBLAT;87161;Saint-Léonard-de-Noblat;;< 5 MW;;;;;;
SSOMEP4;POSTE 90kV N0 1 ST-OMER;62525;Longuenesse;;< 5 MW;;;;;;
SSOREP3;POSTE 63kV N0 1 ST-ORENS;31254;Labège;;< 5 MW;;;;;;
SSOREP6;POSTE 225kV N0 1 ST-ORENS;31254;Labège;;< 5 MW;;;;;;
SSOU5P6;POSTE 225kV N0 1 ST-OUEN (POSTE);93070;Saint-Ouen-sur-Seine;;< 5 MW;zone soutirage;;;;;
SSPAZP3;POSTE 63kV N0 1 STE-PAZANNE;44186;Sainte-Pazanne;;< 5 MW;;;;;;
SSPEYP3;POSTE 63kV N0 1 ST-PEY;33459;Saint-Pey-d'Armens;;< 5 MW;;;;;;
SSPIEP3;POSTE 63kV N0 1 ST-PIERRE;29019;Brest;;< 5 MW;;;;;;
SSPOLP4;POSTE 90kV N0 1 ST-POL;62767;Saint-Pol-sur-Ternoise;;< 5 MW;;;;;;
SSPOUP3;POSTE 63kV N0 1 ST-GENIS-POUILLY;01354;Saint-Genis-Pouilly;;< 5 MW;zone soutirage;;;;;
SSQUEP3;POSTE 63kV N0 1 ST-QUENTIN (-FALLAVIER);38449;Saint-Quentin-Fallavier;;< 5 MW;zone soutirage;;;;;
SSRAPP3;POSTE 63kV N0 1 ST-RAPHAEL;83118;Saint-Raphaël;;< 5 MW;;;;;;
SSRENP3;POSTE 63kV N0 1 ST-RENAN;29260;Saint-Renan;;< 5 MW;;;;;;
SSRIEP4;POSTE 90kV N0 1 ST-HILAIRE-DE-RIEZ;85226;Saint-Hilaire-de-Riez;;< 5 MW;;;;;;
SSROUP6;POSTE 225kV N0 1 ST ETIENNE DU ROUVRAY;76575;Saint-Étienne-du-Rouvray;;< 5 MW;zone soutirage;;;;;
SSROYP3;POSTE 63kV N0 1 ST-THOMAS-EN-ROYANS;26331;Saint-Thomas-en-Royans;;< 5 MW;zone injection PV;du 1er mai au 2 septembre inclus;;;;
SSSA5P3;POSTE 63kV N0 1 ST-SAUVEUR;07295;Saint-Sauveur-de-Montagut;;< 5 MW;zone soutirage;;;;;
SSSA6P3;POSTE 63kV N0 1 SAINT-SAVOURNIN;13101;Saint-Savournin;;< 5 MW;zone soutirage;;;;;
SSSAUP3;POSTE 63kV N0 1 ST-SAUVES;63397;Saint-Sauves-d'Auvergne;;< 5 MW;zone injection PV;du 1er mai au 2 septembre inclus;;;;
SSSE5P3;POSTE 63kV N0 1 ST-SERVAN;35288;Saint-Malo;;< 5 MW;zone soutirage;;;;;
SSSEVP3;POSTE 63kV N0 1 ST-SEVER;40282;Saint-Sever;;< 5 MW;;;;;;
SSSIGP3;POSTE 63kV N0 1 STE-SIGOLENE;43224;Sainte-Sigolène;;< 5 MW;;;;;;
SSSULP3;POSTE 63kV N0 1 ST-SULPICE;31094;Buzet-sur-Tarn;;< 5 MW;;;;;;
SSTINP3;POSTE 63kV N0 1 ST-ETIENNE-DE-TINEE;06120;Saint-Étienne-de-Tinée;;< 5 MW;;;;;;
SSTROP3;POSTE 63kV N0 1 ST-TROPEZ;83042;Cogolin;;< 5 MW;;;;;;
SSTULP3;POSTE 63kV N0 1 STE-TULLE;04197;Sainte-Tulle;;< 5 MW;zone injection PV;du 1er mai au 2 septembre inclus;;;;
SSTULP6;POSTE 225kV N0 1 STE-TULLE;04197;Sainte-Tulle;;< 5 MW;zone injection PV;du 1er mai au 2 septembre inclus;;;;
SSV.EP3;POSTE 63kV N0 1 ST-VULBAS-EST;01390;Saint-Vulbas;;< 5 MW;zone soutirage;;;;;
SSV.EP6;POSTE 225kV N0 1 ST-VULBAS-EST;01390;Saint-Vulbas;;< 5 MW;zone soutirage;;;;;
SSV.OP7;POSTE 400kV N0 1 ST-VULBAS-OUEST;01390;Saint-Vulbas;;< 5 MW;;;;;;
SSVA6P4;POSTE 90kV N0 1 ST-CYR-EN-VAL;45272;Saint-Cyr-en-Val;;< 5 MW;zone soutirage;;;;;
SSVA6P6;POSTE 225kV N0 1 ST-CYR-EN-VAL;45272;Saint-Cyr-en-Val;;< 5 MW;zone soutirage;;;;;
SSVALP3;POSTE 63kV N0 1 ST-VALLIER;26160;Laveyron;;< 5 MW;;;;;;
SSVERP3;POSTE 63kV N0 1 ST-VERAN;84007;Avignon;;< 5 MW;zone soutirage;;;;;
SSVI6P4;POSTE 90kV N0 1 ST-MARTIN-LE-VIEUX;87166;Saint-Martin-le-Vieux;;< 5 MW;;;;;;
SSVICP3;POSTE 63kV N0 1 ST-VICTOR;12251;Saint-Victor-et-Melvieu;;< 5 MW;zone injection PV;du 1er mai au 2 septembre inclus;;;;
SSVICP6;POSTE 225kV N0 1 ST-VICTOR;12251;Saint-Victor-et-Melvieu;;< 5 MW;zone injection PV;du 1er mai au 2 septembre inclus;;;;
SSVIEP3;POSTE 63kV N0 1 ST-PRIVAT-DES-VIEUX;30294;Saint-Privat-des-Vieux;;< 5 MW;zone soutirage;;;;;
SSVINP3;POSTE 63kV N0 1 ST-VINCENT;34032;Béziers;;< 5 MW;zone soutirage;;;;;
SSVINP6;POSTE 225kV N0 1 ST-VINCENT;34032;Béziers;;< 5 MW;zone soutirage;;;;;
SSVITP3;POSTE 63kV N0 1 ST-VIT;25527;Saint-Vit;;< 5 MW;zone soutirage;;;;;
SSVIVP3;POSTE 63kV N0 1 ST-VIVIEN;33490;Saint-Vivien-de-Médoc;;< 5 MW;zone soutirage;;;;;
SSXANP4;POSTE 90kV N0 1 ST-XANDRE;17414;Saint-Xandre;;< 5 MW;zone soutirage;;;;;
SSYORP3;POSTE 63kV N0 1 ST-YORRE;03264;Saint-Yorre;;< 5 MW;;;;;;
STENAP3;POSTE 63kV N0 1 STENAY;55502;Stenay;;< 5 MW;zone soutirage;;;;;
STENAP6;POSTE 225kV N0 1 STENAY;55502;Stenay;;< 5 MW;zone soutirage;;;;;
STRASP3;POSTE 63kV N0 1 STRASBOURG;67482;Strasbourg;;< 5 MW;zone soutirage;;;;;
STRASP6;POSTE 225kV N0 1 STRASBOURG;67482;Strasbourg;;< 5 MW;zone soutirage;;;;;
SUIPPP3;POSTE 63kV N0 1 SUIPPES;51559;Suippes;;< 5 MW;;;;;;
SUIS5P6;POSTE 225kV N0 1 SUISSE;57662;Suisse;;< 5 MW;;;;;;
SUISSP3;POSTE 63kV N0 1 SUISSES (LES);92020;Châtillon;;< 5 MW;zone soutirage;;;;;
SUZE P4;POSTE 90kV N0 1 SUZE (LA);72346;La Suze-sur-Sarthe;;< 5 MW;zone soutirage;;;;;
SYLVAP3;POSTE 63kV N0 1 SYLVABELLE;13055;Marseille;;< 5 MW;;;;;;
SYNTHP3;POSTE 63kV N0 1 SYNTHESE;57606;Saint-Avold;;< 5 MW;;;;;;
T.CH5P3;POSTE 63kV N0 1 TRIE-CHATEAU;60644;Trie-Château;;< 5 MW;zone soutirage;;;;;
T.CHAP4;POSTE 90kV N0 1 TONNAY-CHARENTE;17449;Tonnay-Charente;;< 5 MW;zone soutirage;;;;;
T.DOMP6;POSTE 225kV N0 1 TROIS DOMAINES;55254;Les Trois-Domaines;;< 5 MW;zone injection PV;du 1er mai au 2 septembre inclus;;;;
T.INDP3;POSTE 63kV N0 1 TROYES-INDUSTRIE;10081;La Chapelle-Saint-Luc;;< 5 MW;;;;;;
T.LASP3;POSTE 63kV N0 1 TOUR-LASCARIS;06088;Nice;;< 5 MW;zone soutirage;;;;;
T.NO6P6;POSTE 225kV N0 1 TERRES-NOIRES (RFF A VILLEFRANCHE SUR CHER );41280;Villefranche-sur-Cher;;< 5 MW;;;;;;
T.PINP3;POSTE 63kV N0 1 TOUR-DU-PIN (LA);38401;Saint-Jean-de-Soudain;;< 5 MW;;;;;;
T.VICP3;POSTE 63kV N0 1 TRINITE-VICTOR;06054;Drap;;< 5 MW;zone soutirage;;;;;
T.VICP6;POSTE 225kV N0 1 TRINITE-VICTOR;06054;Drap;;< 5 MW;zone soutirage;;;;;
TABARP6;POSTE 225kV N0 1 TABARDERIE;45122;Dampierre-en-Burly;;< 5 MW;;;;;;
TABARP7;POSTE 400kV N0 1 TABARDERIE;45122;Dampierre-en-Burly;;< 5 MW;;;;;;
TACHEP3;POSTE 63kV N0 1 TACHES (LES);01047;Blyes;;< 5 MW;zone soutirage;;;;;
TADENP3;POSTE 63kV N0 1 TADEN;22339;Taden;;< 5 MW;zone soutirage;;;;;
TAILLP3;POSTE 63kV N0 1 TAILLIS;77182;La Ferté-Gaucher;;< 5 MW;zone soutirage;;;;;
TAIN P3;POSTE 63kV N0 1 TAIN (E.D.F. ET S.N.C.F.);26179;Mercurol-Veaunes;;< 5 MW;zone injection PV;du 1er mai au 2 septembre inclus;;;;
TALAMP3;POSTE 63kV N0 1 TALAMET;19034;Camps-Saint-Mathurin-Léobazel;;< 5 MW;zone injection PV;du 1er mai au 2 septembre inclus;;;;
TALAMP4;POSTE 90kV N0 1 TALAMET;19034;Camps-Saint-Mathurin-Léobazel;;< 5 MW;zone injection PV;du 1er mai au 2 septembre inclus;;;;
TALAMP6;POSTE 225kV N0 1 TALAMET;19034;Camps-Saint-Mathurin-Léobazel;;< 5 MW;zone injection PV;du 1er mai au 2 septembre inclus;;;;
TALENP3;POSTE 63kV N0 1 TALENCE;33522;Talence;;< 5 MW;zone soutirage;;;;;
TALUSP4;POSTE 90kV N0 1 TALUS (LES);35238;Rennes;;< 5 MW;zone soutirage;;;;;
TAMARP6;POSTE 225kV N0 1 TAMAREAU;34163;Montarnaud;;< 5 MW;zone soutirage;;;;;
TAMARP7;POSTE 400kV N0 1 TAMAREAU;34163;Montarnaud;;< 5 MW;;;;;;
TANINP3;POSTE 63kV N0 1 TANINGES;74276;Taninges;;< 5 MW;zone soutirage;;;;;
TANNEP3;POSTE 63kV N0 1 TANNEURS;44109;Nantes;;< 5 MW;zone soutirage;;;;;
TARARP3;POSTE 63kV N0 1 TARARE;69243;Tarare;;< 5 MW;zone soutirage;;;;;
TARASP3;POSTE 63kV N0 1 TARASCON;09306;Tarascon-sur-Ariège;;< 5 MW;;;;;;
TARASP5;POSTE 150kV N0 1 TARASCON;09306;Tarascon-sur-Ariège;;< 5 MW;;;;;;
TARASP6;POSTE 225kV N0 1 TARASCON;09306;Tarascon-sur-Ariège;;< 5 MW;;;;;;
TAULHP3;POSTE 63kV N0 1 TAULHAC;43157;Le Puy-en-Velay;;< 5 MW;zone soutirage;;;;;
TAUPEP3;POSTE 63kV N0 1 TAUPE (LA);43261;Vézézoux;;< 5 MW;zone soutirage;;;;;
TAUTAP3;POSTE 63kV N0 1 TAUTAVEL;66205;Tautavel;;< 5 MW;zone injection PV;du 1er mai au 2 septembre inclus;gabarit en injection;< 5 MW;Baixas;210 MW
TAUTEP7;POSTE 400kV N0 1 TAUTE;50552;Saint-Sébastien-de-Raids;;< 5 MW;;;;;;
TAVELP6;POSTE 225kV N0 1 TAVEL;30326;Tavel;;< 5 MW;;;;;;
TAVELP7;POSTE 400kV N0 1 TAVEL;30326;Tavel;;< 5 MW;;;;;;
TEICHP3;POSTE 63kV N0 1 TEICH (LE);09032;Ax-les-Thermes;;< 5 MW;;;;;;
TEIL P3;POSTE 63kV N0 1 TEIL (LE);07319;Le Teil;;< 5 MW;;;;;;
TEMPLP3;POSTE 63kV N0 1 TEMPLE (LE);47306;Le Temple-sur-Lot;;< 5 MW;zone injection PV;du 1er mai au 2 septembre inclus;;;;
TENAYP3;POSTE 63kV N0 1 TENAY;01416;Tenay;;< 5 MW;zone soutirage;;;;;
TENDRP3;POSTE 63kV N0 1 TENDRECOURT;08491;Vrigne aux Bois;;< 5 MW;;;;;;
TERR5P3;POSTE 63kV N0 1 TERRIMBO;66048;Cerbère;;< 5 MW;;;;;;
TERR6P4;POSTE 90kV N0 1 TERRETTE;50006;Amigny;;< 5 MW;zone soutirage;;;;;
TERRAP3;POSTE 63kV N0 1 TERRADOU;84031;Carpentras;;< 5 MW;zone soutirage;;;;;
TERRAP6;POSTE 225kV N0 1 TERRADOU;84031;Carpentras;;< 5 MW;zone soutirage;;;;;
TERRIP3;POSTE 63kV N0 1 TERRIER;60450;Neuilly-en-Thelle;;< 5 MW;zone soutirage;;;;;
TERRIP6;POSTE 225kV N0 1 TERRIER;60450;Neuilly-en-Thelle;;< 5 MW;zone soutirage;;;;;
TERRIP7;POSTE 400kV N0 1 TERRIER;60450;Neuilly-en-Thelle;;< 5 MW;;;;;;
THANNP3;POSTE 63kV N0 1 THANN;68348;Vieux-Thann;;< 5 MW;zone soutirage;;;;;
THEIXP3;POSTE 63kV N0 1 THEIX;56251;Theix-Noyalo;;< 5 MW;zone soutirage;;;;;
THEIXP6;POSTE 225kV N0 1 THEIX;56251;Theix-Noyalo;;< 5 MW;zone soutirage;;;;;
THERAP3;POSTE 63kV N0 1 THERAIN;60057;Beauvais;;< 5 MW;;;;;;
THEZIP3;POSTE 63kV N0 1 THEZIERS;30328;Théziers;;< 5 MW;;;;;;
THIE5P3;POSTE 63kV N0 1 THIERS;63430;Thiers;;< 5 MW;zone soutirage;;;;;
THIERP3;POSTE 63kV N0 1 THIERS (BRUAY-SUR-L'ESCAUT);59544;Saint-Saulve;;< 5 MW;zone soutirage;;;;;
THIERP6;POSTE 225kV N0 1 THIERS (BRUAY-SUR-L'ESCAUT);59544;Saint-Saulve;;< 5 MW;zone soutirage;;;;;
THILLP3;POSTE 63kV N0 1 THILLOT (LE);88468;Le Thillot;;< 5 MW;;;;;;
THIMEP4;POSTE 90kV N0 1 THIMERT;28386;Thimert-Gâtelles;;< 5 MW;;;;;;
THIOTP6;POSTE 225kV N0 1 THIOT;61298;Moulins-sur-Orne;;< 5 MW;zone soutirage;;;;;
THIVIP3;POSTE 63kV N0 1 THIVIERS;24551;Thiviers;;< 5 MW;zone soutirage;;;;;
THONOP3;POSTE 63kV N0 1 THONON;74281;Thonon-les-Bains;;< 5 MW;zone soutirage;;;;;
THORIP4;POSTE 90kV N0 1 THORIGNE;49344;Thorigné-d'Anjou;;< 5 MW;zone soutirage;;;;;
THOU P4;POSTE 90kV N0 1 THOU (LE);17447;Le Thou;;< 5 MW;zone soutirage;;;;;
THOUAP4;POSTE 90kV N0 1 THOUARS;79329;Thouars;;< 5 MW;zone injection PV;du 1er mai au 2 septembre inclus;gabarit en injection;< 5 MW;Airvault;55 MW
TIGNIP3;POSTE 63kV N0 1 TIGNIEU;38507;Tignieu-Jameyzieu;;< 5 MW;zone soutirage;;;;;
TILL5P4;POSTE 90kV N0 1 TILLEUL;27238;Ferrières-Haut-Clocher;;< 5 MW;zone soutirage;;;;;
TILLIP6;POSTE 225kV N0 1 TILLIERS;92036;Gennevilliers;;< 5 MW;zone soutirage;;;;;
TINTEP4;POSTE 90kV N0 1 TINTENIAC;35337;Tinténiac;;< 5 MW;zone soutirage;;;;;
TIVERP4;POSTE 90kV N0 1 TIVERNON;45325;Tivernon;;< 5 MW;;;;;;
TIZEEP4;POSTE 90kV N0 1 TIZE;35334;Thorigné-Fouillard;;< 5 MW;zone soutirage;;;;;
TOLLEP4;POSTE 90kV N0 1 TOLLEVAST;50599;Tollevast;;< 5 MW;zone soutirage;;;;;
TOLLEP7;POSTE 400kV N0 1 TOLLEVAST;50599;Tollevast;;< 5 MW;;;;;;
TOLMEP4;POSTE 90kV N0 1 TOLMER;50082;Bricquebec-en-Cotentin;;< 5 MW;zone soutirage;;;;;
TONNEP3;POSTE 63kV N0 1 TONNERRE;89418;Tonnerre;;< 5 MW;zone injection PV;du 1er mai au 2 septembre inclus;;;;
TONNEP6;POSTE 225kV N0 1 TONNERRE;89418;Tonnerre;;< 5 MW;zone injection PV;du 1er mai au 2 septembre inclus;;;;
TOU.CP6;POSTE 225kV N0 1 TOULOUSE-CENTRE;31555;Toulouse;;< 5 MW;;;;;;
TOUQUP4;POSTE 90kV N0 1 TOUQUES;14699;Touques;;< 5 MW;zone soutirage;;;;;
TOUR5P3;POSTE 63kV N0 1 TOURNAN (-EN-BRIE);77470;Tournan-en-Brie;;< 5 MW;zone soutirage;;;;;
TOURBP6;POSTE 225kV N0 1 TOURBE;14057;Bellengreville;;< 5 MW;zone soutirage;;;;;
TOURBP7;POSTE 400kV N0 1 TOURBE;14057;Bellengreville;;< 5 MW;;;;;;
TOURLP4;POSTE 90kV N0 1 TOURLAVILLE;50129;Cherbourg-en-Cotentin;;< 5 MW;zone soutirage;;;;;
TOURSP4;POSTE 90kV N0 1 TOURS;37261;Tours;;< 5 MW;zone soutirage;;;;;
TOURYP4;POSTE 90kV N0 1 TOURY;28391;Toury;;< 5 MW;;;;;;
TOUSSP3;POSTE 63kV N0 1 TOUSSON;77471;Tousson;;< 5 MW;;;;;;
TOUVRP4;POSTE 90kV N0 1 TOUVRE;16385;Touvre;;< 5 MW;;;;;;
TRAISP4;POSTE 90kV N0 1 TRAISNEL;59574;Somain;;< 5 MW;;;;;;
TRANSP3;POSTE 63kV N0 1 TRANS;83141;Trans-en-Provence;;< 5 MW;;;;;;
TRANSP6;POSTE 225kV N0 1 TRANS;83141;Trans-en-Provence;;< 5 MW;;;;;;
TRANSP7;POSTE 400kV N0 1 TRANS;83141;Trans-en-Provence;;< 5 MW;;;;;;
TRAVAP3;POSTE 63kV N0 1 TRAVAILLAN;84134;Travaillan;;< 5 MW;zone soutirage;;;;;
TRAVEP4;POSTE 90kV N0 1 TRAVERSE (LA);87127;La Roche-l'Abeille;;< 5 MW;;;;;;
TREFFP3;POSTE 63kV N0 1 TREFFORT;01426;Val-Revermont;;< 5 MW;;;;;;
TREGUP3;POSTE 63kV N0 1 TREGUEUX;22360;Trégueux;;< 5 MW;;;;;;
TREGUP6;POSTE 225kV N0 1 TREGUEUX;22360;Trégueux;;< 5 MW;;;;;;
TRELAP4;POSTE 90kV N0 1 TRELAZE;49353;Trélazé;;< 5 MW;zone soutirage;;;;;
TRESCP3;POSTE 63kV N0 1 TRESCLEOUX;05172;Trescléoux;;< 5 MW;zone injection PV;du 1er mai au 2 septembre inclus;gabarit en injection;< 5 MW;Moyenne-Durance;55 MW
TREVAP3;POSTE 63kV N0 1 TREVAS;43265;Les Villettes;;< 5 MW;zone soutirage;;;;;
TREVAP6;POSTE 225kV N0 1 TREVAS;43265;Les Villettes;;< 5 MW;zone soutirage;;;;;
TRI.PP6;POSTE 225kV N0 1 TRICASTIN-POSTE (LE);26235;Pierrelatte;;< 5 MW;;;;;;
TRI.PP7;POSTE 400kV N0 1 TRICASTIN-POSTE (LE);26235;Pierrelatte;;< 5 MW;;;;;;
TRIEYP3;POSTE 63kV N0 1 TRIEY;21556;Saint-Léger-Triey;;< 5 MW;zone soutirage;;;;;
TRINGP4;POSTE 90kV N0 1 TRINGUE;62261;Cucq;;< 5 MW;;;;;;
TRINQP3;POSTE 63kV N0 1 TRINQUETAILLE;13004;Arles;;< 5 MW;;;;;;
TRIT5P6;POSTE 225kV N0 1 TRITH-ST-LEGER (PORT-ARTHUR LME);59603;Trith-Saint-Léger;;< 5 MW;;;;;;
TRITHP6;POSTE 225kV N0 1 TRITH-ST-LEGER (L.M.E.);59603;Trith-Saint-Léger;;< 5 MW;;;;;;
TRO.EP3;POSTE 63kV N0 1 TROYES-EST;10387;Troyes;;< 5 MW;;;;;;
TROUIP3;POSTE 63kV N0 1 TROUILLAS;66217;Trouillas;;< 5 MW;;;;;;
TUCQUP3;POSTE 63kV N0 1 TUCQUEGNIEUX;54536;Tucquegnieux;;< 5 MW;;;;;;
TUILIP3;POSTE 63kV N0 1 TUILIERES;24382;Saint-Capraise-de-Lalinde;;< 5 MW;zone soutirage;;;;;
TUILIP6;POSTE 225kV N0 1 TUILIERES;24382;Saint-Capraise-de-Lalinde;;< 5 MW;zone soutirage;;;;;
TUQUEP4;POSTE 90kV N0 1 TUQUET (LE);87203;Vicq-sur-Breuilh;;< 5 MW;;;;;;
UNET P3;POSTE 63kV N0 1 UNET;47310;Tonneins;;< 5 MW;zone soutirage;;;;;
UNIONP3;POSTE 63kV N0 1 UNION;31561;L'Union;;< 5 MW;zone soutirage;;;;;
URRUGP3;POSTE 63kV N0 1 URRUGNE;64545;Urrugne;;< 5 MW;zone soutirage;;;;;
USSELP4;POSTE 90kV N0 1 USSEL;19275;Ussel;;< 5 MW;zone injection PV;du 1er mai au 2 septembre inclus;;;;
USSONP3;POSTE 63kV N0 1 USSON;09252;Rouze;;< 5 MW;;;;;;
UZES P3;POSTE 63kV N0 1 UZES;30334;Uzès;;< 5 MW;;;;;;
V.AGEP3;POSTE 63kV N0 1 VALENCE D AGEN;82186;Valence;;< 5 MW;;;;;;
V.ALLP3;POSTE 63kV N0 1 VARENNES-SUR-ALLIER;03298;Varennes-sur-Allier;;< 5 MW;zone injection PV;du 1er mai au 2 septembre inclus;;;;
V.AVRP4;POSTE 90kV N0 1 VERNEUIL-SUR-AVRE;27679;Verneuil d'Avre et d'Iton;;< 5 MW;;;;;;
V.BARP3;POSTE 63kV N0 1 VENDEUVRE-SUR-BARSE;10401;Vendeuvre-sur-Barse;;< 5 MW;;;;;;
V.BLAP3;POSTE 63kV N0 1 VILLENEUVE-DE-BLAYE;33551;Villeneuve;;< 5 MW;zone soutirage;;;;;
V.BOUP4;POSTE 90kV N0 1 VILLIERS-AU-BOUIN;37279;Villiers-au-Bouin;;< 5 MW;zone soutirage;;;;;
V.CO5P3;POSTE 63kV N0 1 VILLEFRANCHE-DE-CONFLENT;66085;Fuilla;;< 5 MW;zone injection PV;du 1er mai au 2 septembre inclus;gabarit en injection;< 5 MW;Baixas;210 MW
V.CONP3;POSTE 63kV N0 1 VIEUX-CONDE;59616;Vieux-Condé;;< 5 MW;zone soutirage;;;;;
V.COTP3;POSTE 63kV N0 1 VILLERS-COTTERETS;02810;Villers-Cotterêts;;< 5 MW;zone soutirage;;;;;
V.FEZP3;POSTE 63kV N0 1 VIC-FEZENSAC;32462;Vic-Fezensac;;< 5 MW;zone injection PV;du 1er mai au 2 septembre inclus;gabarit en injection;< 5 MW;Jalis;105 MW
V.GEOP3;POSTE 63kV N0 1 VILLENEUVE-ST-GEORGES;94078;Villeneuve-Saint-Georges;;< 5 MW;zone soutirage;;;;;
V.GEOP6;POSTE 225kV N0 1 VILLENEUVE-ST-GEORGES;94078;Villeneuve-Saint-Georges;;< 5 MW;zone soutirage;;;;;
V.GRAP4;POSTE 90kV N0 1 VILLE-SOUS-GRANGE (LA);87013;Bersac-sur-Rivalier;;< 5 MW;;;;;;
V.ISEP3;POSTE 63kV N0 1 VAL-D ISERE;73304;Val-d'Isère;;< 5 MW;;;;;;
V.JUHP4;POSTE 90kV N0 1 VILLAINES-LA-JUHEL;53271;Villaines-la-Juhel;;< 5 MW;;;;;;
V.LANP3;POSTE 63kV N0 1 VILLARD-DE-LANS;38548;Villard-de-Lans;;< 5 MW;zone soutirage;;;;;
V.LOTP3;POSTE 63kV N0 1 VILLENEUVE-SUR-LOT;47323;Villeneuve-sur-Lot;;< 5 MW;zone injection PV;du 1er mai au 2 septembre inclus;;;;
V.MARP4;POSTE 90kV N0 1 VILLE-LE-MARCLET;80795;Ville-le-Marclet;;< 5 MW;;;;;;
V.PORP6;POSTE 225kV N0 1 VIEUX-PORT;13055;Marseille;;< 5 MW;zone soutirage;;;;;
V.ROUP3;POSTE 63kV N0 1 VILLEFRANCHE-DE-ROUERGUE;12300;Villefranche-de-Rouergue;;< 5 MW;zone injection PV;du 1er mai au 2 septembre inclus;;;;
V.SEPP6;POSTE 225kV N0 1 VILLERS-SAINT-SEPULCRE;60685;Villers-Saint-Sépulcre;;< 5 MW;;;;;;
V.SEVP4;POSTE 90kV N0 1 VAL-DE-SEVRE;79123;La Forêt-sur-Sèvre;;< 5 MW;;;;;;
V.SEVP6;POSTE 225kV N0 1 VAL-DE-SEVRE;79123;La Forêt-sur-Sèvre;;< 5 MW;;;;;;
V.VOIP4;POSTE 90kV N0 1 VERTE-VOIE;62643;Outreau;;< 5 MW;;;;;;
VAISEP6;POSTE 225kV N0 1 VAISE;69123;Lyon;;< 5 MW;;;;;;
VAISOP3;POSTE 63kV N0 1 VAISON (-LA-ROMAINE);84137;Vaison-la-Romaine;;< 5 MW;zone soutirage;;;;;
VAL  P3;POSTE 63kV N0 1 VAL (LE);83143;Le Val;;< 5 MW;;;;;;
VAL15P6;POSTE 225kV N0 1 VALLOIRETTE;73258;Saint-Martin-de-la-Porte;;< 5 MW;;;;;;
VALABP3;POSTE 63kV N0 1 VALABRES;06111;Roure;;< 5 MW;zone soutirage;;;;;
VALBOP3;POSTE 63kV N0 1 VALBONNE;06018;Biot;;< 5 MW;zone soutirage;;;;;
VALDAP3;POSTE 63kV N0 1 VALDAHON;25578;Valdahon;;< 5 MW;;;;;;
VALDEP6;POSTE 225kV N0 1 VALDEROURE;06154;Valderoure;;< 5 MW;zone soutirage;;;;;
VALDIP4;POSTE 90kV N0 1 VALDIVIENNE;86233;Valdivienne;;< 5 MW;zone injection PV;du 1er mai au 2 septembre inclus;;;;
VALDIP6;POSTE 225kV N0 1 VALDIVIENNE;86233;Valdivienne;;< 5 MW;zone injection PV;du 1er mai au 2 septembre inclus;;;;
VALDIP7;POSTE 400kV N0 1 VALDIVIENNE;86233;Valdivienne;;< 5 MW;;;;;;
VALE6P3;POSTE 63kV N0 1 VALENTIGNEY;25580;Valentigney;;< 5 MW;;;;;;
VALE7P3;POSTE 63kV N0 1 VALENTINE;31565;Valentine;;< 5 MW;zone injection PV;du 1er mai au 2 septembre inclus;;;;
VALE8P3;POSTE 63kV N0 1 VALENCE;26362;Valence;;< 5 MW;zone soutirage;;;;;
VALE8P6;POSTE 225kV N0 1 VALENCE;26362;Valence;;< 5 MW;zone soutirage;;;;;
VALE9P4;POSTE 90kV N0 1 VALENCAY;36228;Valençay;;< 5 MW;zone injection PV;du 1er mai au 2 septembre inclus;gabarit en injection;< 5 MW;Varennes;65 MW
VALENP6;POSTE 225kV N0 1 VALENCIENNES;59606;Valenciennes;;< 5 MW;;;;;;
VALESP3;POSTE 63kV N0 1 VALESCOURT;60653;Valescourt;;< 5 MW;;;;;;
VALESP6;POSTE 225kV N0 1 VALESCOURT;60653;Valescourt;;< 5 MW;;;;;;
VALGRP3;POSTE 63kV N0 1 VALGROS;11049;Bram;;< 5 MW;zone injection PV;du 1er mai au 2 septembre inclus;gabarit en injection;< 5 MW;Issel;55 MW
VALINP4;POSTE 90kV N0 1 VALINIERE (LA);17385;Saint-Pierre-d'Oléron;;< 5 MW;zone soutirage;;;;;
VALL5P4;POSTE 90kV N0 1 VALLEES (LES);41055;Valloire-sur-Cisse;;< 5 MW;zone soutirage;;;;;
VALL6P4;POSTE 90kV N0 1 VALLET;44212;Vallet;;< 5 MW;;;;;;
VALLEP4;POSTE 90kV N0 1 VALLEE (LA);14177;Coquainvilliers;;< 5 MW;zone soutirage;;;;;
VALS P3;POSTE 63kV N0 1 VALS;07116;Labégude;;< 5 MW;;;;;;
VANDIP3;POSTE 63kV N0 1 VANDIERES;54546;Vandières;;< 5 MW;;;;;;
VANDIP6;POSTE 225kV N0 1 VANDIERES;54546;Vandières;;< 5 MW;;;;;;
VANVEP3;POSTE 63kV N0 1 VANVES;92046;Malakoff;;< 5 MW;zone soutirage;;;;;
VARANP3;POSTE 63kV N0 1 VARANGEVILLE;54549;Varangéville;;< 5 MW;zone soutirage;;;;;
VARE5P4;POSTE 90kV N0 1 VARENNES (-SUR-FOUZON);36229;Val-Fouzon;;< 5 MW;zone injection PV;du 1er mai au 2 septembre inclus;;;;
VARE5P6;POSTE 225kV N0 1 VARENNES (-SUR-FOUZON);36229;Val-Fouzon;zone faisant l'objet de demandes;< 5 MW;zone injection PV;du 1er mai au 2 septembre inclus;gabarit en injection;60 MW;Varennes;65 MW
VARS P3;POSTE 63kV N0 1 VARS;05177;Vars;;< 5 MW;zone injection PV;du 1er mai au 2 septembre inclus;;;;
VASTOP4;POSTE 90kV N0 1 VASTON;14258;Falaise;;< 5 MW;;;;;;
VAUDRP4;POSTE 90kV N0 1 VAUDREUIL;27701;Val-de-Reuil;;< 5 MW;zone soutirage;;;;;
VAUPAP4;POSTE 90kV N0 1 VAUPALIERE (LA);76728;La Vaupalière;;< 5 MW;zone soutirage;;;;;
VAUPAP6;POSTE 225kV N0 1 VAUPALIERE (LA);76728;La Vaupalière;;< 5 MW;zone soutirage;;;;;
VAUPAP7;POSTE 400kV N0 1 VAUPALIERE (LA);76728;La Vaupalière;;< 5 MW;;;;;;
VAUVEP3;POSTE 63kV N0 1 VAUVERT;30341;Vauvert;;< 5 MW;zone soutirage;;;;;
VAUVIP3;POSTE 63kV N0 1 VAUVILLERS (HARBONNIERES);80781;Vauvillers;;< 5 MW;;;;;;
VAUX P4;POSTE 90kV N0 1 VAUX;17461;Vaux-sur-Mer;;< 5 MW;zone soutirage;;;;;
VEAUCP3;POSTE 63kV N0 1 VEAUCHE;42323;Veauche;;< 5 MW;zone soutirage;;;;;
VEDENP3;POSTE 63kV N0 1 VEDENE;84141;Vedène;;< 5 MW;zone soutirage;;;;;
VENARP3;POSTE 63kV N0 1 VENAREY;21663;Venarey-les-Laumes;;< 5 MW;zone injection PV;du 1er mai au 2 septembre inclus;;;;
VENCEP3;POSTE 63kV N0 1 VENCE;06157;Vence;;< 5 MW;zone soutirage;;;;;
VENDAP3;POSTE 63kV N0 1 VENDARGUES;34327;Vendargues;;< 5 MW;zone soutirage;;;;;
VENDIP6;POSTE 225kV N0 1 VENDIN;62842;Vendin-le-Vieil;;< 5 MW;zone soutirage;;;;;
VENDOP4;POSTE 90kV N0 1 VENDOME;41269;Vendôme;;< 5 MW;zone soutirage;;;;;
VENESP4;POSTE 90kV N0 1 VENESMES;18273;Venesmes;;< 5 MW;zone injection PV;du 1er mai au 2 septembre inclus;;;;
VENISP3;POSTE 63kV N0 1 VENISSIEUX;69259;Vénissieux;;< 5 MW;zone soutirage;;;;;
VENISP6;POSTE 225kV N0 1 VENISSIEUX;69259;Vénissieux;;< 5 MW;zone soutirage;;;;;
VENTAP3;POSTE 63kV N0 1 VENTAVON;05178;Ventavon;;< 5 MW;zone injection PV;du 1er mai au 2 septembre inclus;gabarit en injection;< 5 MW;Moyenne-Durance;55 MW
VERDIP4;POSTE 90kV N0 1 VERDIN;18279;Vierzon;;< 5 MW;zone injection PV;du 1er mai au 2 septembre inclus;;;;
VERDUP3;POSTE 63kV N0 1 VERDUN;55545;Verdun;;< 5 MW;;;;;;
VERFEP3;POSTE 63kV N0 1 VERFEIL;31573;Verfeil;;< 5 MW;;;;;;
VERFEP6;POSTE 225kV N0 1 VERFEIL;31573;Verfeil;;< 5 MW;;;;;;
VERFEP7;POSTE 400kV N0 1 VERFEIL;31573;Verfeil;;< 5 MW;;;;;;
VERGEP7;POSTE 400kV N0 1 VERGER;41220;Saint-Laurent-Nouan;;< 5 MW;;;;;;
VERINP6;POSTE 225kV N0 1 VERINNERIE (LA);78490;Plaisir;;< 5 MW;;;;;;
VERLHP3;POSTE 63kV N0 1 VERLHAGUET;82121;Montauban;;< 5 MW;zone soutirage;;;;;
VERLHP6;POSTE 225kV N0 1 VERLHAGUET;82121;Montauban;;< 5 MW;zone soutirage;;;;;
VERN P4;POSTE 90kV N0 1 VERN;35352;Vern-sur-Seiche;;< 5 MW;zone soutirage;;;;;
VERN7P3;POSTE 63kV N0 1 VERNEY (LE);38005;Allemond;;< 5 MW;;;;;;
VERN8P3;POSTE 63kV N0 1 VERNELLE (LA);63131;Culhat;;< 5 MW;zone soutirage;;;;;
VERN9P3;POSTE 63kV N0 1 VERNOSC;07337;Vernosc-lès-Annonay;;< 5 MW;zone soutirage;;;;;
VERPIP3;POSTE 63kV N0 1 VERPILLIERE (LA);38537;La Verpillière;;< 5 MW;zone soutirage;;;;;
VERSAP3;POSTE 63kV N0 1 VERSAILLES;78646;Versailles;;< 5 MW;zone soutirage;;;;;
VERSAP6;POSTE 225kV N0 1 VERSAILLES;78646;Versailles;;< 5 MW;zone soutirage;;;;;
VERTEP6;POSTE 225kV N0 1 VERTEFEUILLE;59636;Wambrechies;;< 5 MW;;;;;;
VERTOP4;POSTE 90kV N0 1 VERTOU;44215;Vertou;;< 5 MW;;;;;;
VERTOP6;POSTE 225kV N0 1 VERTOU;44215;Vertou;;< 5 MW;;;;;;
VERTUP4;POSTE 90kV N0 1 VERTUS;51612;Blancs-Coteaux;;< 5 MW;;;;;;
VESAIP3;POSTE 63kV N0 1 VESAIGNES;52517;Vesaignes-sous-Lafauche;;< 5 MW;zone injection PV;du 1er mai au 2 septembre inclus;;;;
VESIGP6;POSTE 225kV N0 1 VESIGNEUL;51616;Vésigneul-sur-Marne;;< 5 MW;;;;;;
VESLEP6;POSTE 225kV N0 1 VESLE;51571;Val-de-Vesle;;< 5 MW;;;;;;
VESLEP7;POSTE 400kV N0 1 VESLE;51571;Val-de-Vesle;;< 5 MW;;;;;;
VESOUP3;POSTE 63kV N0 1 VESOUL;70550;Vesoul;;< 5 MW;zone soutirage;;;;;
VESTRP3;POSTE 63kV N0 1 VESTRIC;30347;Vestric-et-Candiac;;< 5 MW;zone soutirage;;;;;
VEYNEP3;POSTE 63kV N0 1 VEYNES;05179;Veynes;;< 5 MW;zone injection PV;du 1er mai au 2 septembre inclus;gabarit en injection;< 5 MW;Moyenne-Durance;55 MW
VEYTIP4;POSTE 90kV N0 1 VEYTISOU (LA);87105;Neuvic-Entier;;< 5 MW;;;;;;
VEZILP6;POSTE 225kV N0 1 VEZILLY;02794;Vézilly;;< 5 MW;;;;;;
VIAS P3;POSTE 63kV N0 1 VIAS;34332;Vias;;< 5 MW;;;;;;
VICHYP3;POSTE 63kV N0 1 VICHY;03095;Cusset;;< 5 MW;;;;;;
VICOGP6;POSTE 225kV N0 1 VICOGNE (LA);80792;La Vicogne;;< 5 MW;;;;;;
VIELMP3;POSTE 63kV N0 1 VIELMOULIN;21611;Sombernon;;< 5 MW;zone injection PV;du 1er mai au 2 septembre inclus;;;;
VIELMP6;POSTE 225kV N0 1 VIELMOULIN;21611;Sombernon;;< 5 MW;zone injection PV;du 1er mai au 2 septembre inclus;;;;
VIELMP7;POSTE 400kV N0 1 VIELMOULIN;21611;Sombernon;;< 5 MW;;;;;;
VIERZP4;POSTE 90kV N0 1 VIERZON;18279;Vierzon;;< 5 MW;zone injection PV;du 1er mai au 2 septembre inclus;;;;
VIGNEP6;POSTE 225kV N0 1 VIGNE (LA);89208;Joux-la-Ville;;< 5 MW;;;;;;
VIGUIP3;POSTE 63kV N0 1 VIGUIER;11069;Carcassonne;;< 5 MW;;;;;;
VIGY P6;POSTE 225kV N0 1 VIGY;57716;Vigy;;< 5 MW;zone soutirage;;;;;
VIGY P7;POSTE 400kV N0 1 VIGY;57716;Vigy;;< 5 MW;;;;;;
VIMOUP4;POSTE 90kV N0 1 VIMOUTIERS;61508;Vimoutiers;;< 5 MW;zone soutirage;;;;;
VINAYP3;POSTE 63kV N0 1 VINAY;38559;Vinay;;< 5 MW;zone soutirage;;;;;
VINC5P6;POSTE 225kV N0 1 VINCENNES;94080;Vincennes;;< 5 MW;zone soutirage;;;;;
VINCEP3;POSTE 63kV N0 1 VINCEY;88260;Langley;;< 5 MW;;;;;;
VINCEP6;POSTE 225kV N0 1 VINCEY;88260;Langley;;< 5 MW;;;;;;
VINCEP7;POSTE 400kV N0 1 VINCEY;88260;Langley;;< 5 MW;;;;;;
VINGEP3;POSTE 63kV N0 1 VINGEANNE;21281;Fontenelle;;< 5 MW;zone soutirage;;;;;
VINONP3;POSTE 63kV N0 1 VINON;83150;Vinon-sur-Verdon;;< 5 MW;zone injection PV;du 1er mai au 2 septembre inclus;;;;
VINS P3;POSTE 63kV N0 1 VINS;83151;Vins-sur-Caramy;;< 5 MW;zone soutirage;;;;;
VINS P6;POSTE 225kV N0 1 VINS;83151;Vins-sur-Caramy;;< 5 MW;zone soutirage;;;;;
VINTRP3;POSTE 63kV N0 1 VINTROU;81321;Le Vintrou;;< 5 MW;;;;;;
VION P4;POSTE 90kV N0 1 VION;72378;Vion;;< 5 MW;zone soutirage;;;;;
VIRADP3;POSTE 63kV N0 1 VIRADEL;30173;Mons;;< 5 MW;zone soutirage;;;;;
VIRADP6;POSTE 225kV N0 1 VIRADEL;30173;Mons;;< 5 MW;zone soutirage;;;;;
VIRE P4;POSTE 90kV N0 1 VIRE;14762;Vire Normandie;;< 5 MW;;;;;;
VIRIAP3;POSTE 63kV N0 1 VIRIAT;01451;Viriat;;< 5 MW;zone soutirage;;;;;
VIT.NP6;POSTE 225kV N0 1 VITRY-NORD;94081;Vitry-sur-Seine;;< 5 MW;zone soutirage;;;;;
VITREP4;POSTE 90kV N0 1 VITRE;35360;Vitré;;< 5 MW;zone soutirage;;;;;
VITROP3;POSTE 63kV N0 1 VITROLLES;13117;Vitrolles;;< 5 MW;zone soutirage;;;;;
VITTEP3;POSTE 63kV N0 1 VITTEL;88516;Vittel;;< 5 MW;;;;;;
VIZILP3;POSTE 63kV N0 1 VIZILLE;38562;Vizille;;< 5 MW;;;;;;
VLARSP3;POSTE 63kV N0 1 VILLARS (LE);71576;Le Villars;;< 5 MW;zone soutirage;;;;;
VLEDIP4;POSTE 90kV N0 1 VILLEDIEU;50185;Fleury;;< 5 MW;zone soutirage;;;;;
VLEF5P3;POSTE 63kV N0 1 VILLEFRANCHE;03315;Villefranche-d'Allier;;< 5 MW;zone injection PV;du 1er mai au 2 septembre inclus;;;;
VLEGAP4;POSTE 90kV N0 1 VILLEGATS;16110;Courcôme;;< 5 MW;;;;;;
VLEJUP4;POSTE 90kV N0 1 VILLEJUST;91666;Villejust;;< 5 MW;zone soutirage;;;;;
VLEJUP6;POSTE 225kV N0 1 VILLEJUST;91666;Villejust;;< 5 MW;zone soutirage;;;;;
VLEJUP7;POSTE 400kV N0 1 VILLEJUST;91666;Villejust;;< 5 MW;;;;;;
VLEMAP4;POSTE 90kV N0 1 VILLEMANDEUR;45338;Villemandeur;;< 5 MW;zone injection PV;du 1er mai au 2 septembre inclus;;;;
VLEMAP6;POSTE 225kV N0 1 VILLEMANDEUR;45338;Villemandeur;;< 5 MW;zone injection PV;du 1er mai au 2 septembre inclus;;;;
VLEMEP4;POSTE 90kV N0 1 VILLEMENT;36179;Saint-Aoustrille;;< 5 MW;;;;;;
VLEMUP3;POSTE 63kV N0 1 VILLEMUR;31584;Villemur-sur-Tarn;;< 5 MW;zone soutirage;;;;;
VLERBP4;POSTE 90kV N0 1 VILLERBON;41288;Villerbon;;< 5 MW;zone soutirage;;;;;
VLERBP7;POSTE 400kV N0 1 VILLERBON;41288;Villerbon;;< 5 MW;;;;;;
VLEREP3;POSTE 63kV N0 1 VILLEREST;42069;Commelle-Vernay;;< 5 MW;;;;;;
VLEVAP3;POSTE 63kV N0 1 VILLEVAUDE;77517;Villevaudé;;< 5 MW;zone soutirage;;;;;
VLEVAP6;POSTE 225kV N0 1 VILLEVAUDE;77517;Villevaudé;;< 5 MW;zone soutirage;;;;;
VLEVAP7;POSTE 400kV N0 1 VILLEVAUDE;77517;Villevaudé;;< 5 MW;;;;;;
VNEREP3;POSTE 63kV N0 1 VIGNERES;74010;Annecy;;< 5 MW;zone soutirage;;;;;
VNOL P3;POSTE 63kV N0 1 VIGNOL;58308;Vignol;;< 5 MW;zone soutirage;;;;;
VNOL P6;POSTE 225kV N0 1 VIGNOL;58308;Vignol;;< 5 MW;zone soutirage;;;;;
VNOTAP3;POSTE 63kV N0 1 VIGNOTAN;73057;Brides-les-Bains;;< 5 MW;zone soutirage;;;;;
VOGELP3;POSTE 63kV N0 1 VOGELGRUN;68351;Vogelgrun;;< 5 MW;;;;;;
VOGELP6;POSTE 225kV N0 1 VOGELGRUN;68351;Vogelgrun;;< 5 MW;;;;;;
VOID P3;POSTE 63kV N0 1 VOID;55496;Sorcy-Saint-Martin;;< 5 MW;;;;;;
VOID P6;POSTE 225kV N0 1 VOID;55496;Sorcy-Saint-Martin;;< 5 MW;;;;;;
VOIROP3;POSTE 63kV N0 1 VOIRON;38563;Voiron;;< 5 MW;zone soutirage;;;;;
VOLVIP3;POSTE 63kV N0 1 VOLVIC;63150;Enval;;< 5 MW;zone injection PV;du 1er mai au 2 septembre inclus;;;;
VOLVIP6;POSTE 225kV N0 1 VOLVIC;63150;Enval;;< 5 MW;zone injection PV;du 1er mai au 2 septembre inclus;;;;
VOLVOP3;POSTE 63kV N0 1 VOLVON;42206;Saint-Bonnet-les-Oules;;< 5 MW;zone soutirage;;;;;
VOLVOP6;POSTE 225kV N0 1 VOLVON;42206;Saint-Bonnet-les-Oules;;< 5 MW;zone soutirage;;;;;
VOREPP3;POSTE 63kV N0 1 VOREPPE;38565;Voreppe;;< 5 MW;zone soutirage;;;;;
VOUGLP3;POSTE 63kV N0 1 VOUGLANS;39086;Cernon;;< 5 MW;;;;;;
VOUGLP6;POSTE 225kV N0 1 VOUGLANS;39086;Cernon;;< 5 MW;;;;;;
VOUGYP3;POSTE 63kV N0 1 VOUGY;74312;Vougy;;< 5 MW;zone soutirage;;;;;
VOUJEP3;POSTE 63kV N0 1 VOUJEAUCOURT;25043;Bart;;< 5 MW;;;;;;
VOULTP3;POSTE 63kV N0 1 VOULTE (LA);07349;La Voulte-sur-Rhône;;< 5 MW;zone soutirage;;;;;
VOUZIP3;POSTE 63kV N0 1 VOUZIERS;08490;Vouziers;;< 5 MW;;;;;;
VOVESP4;POSTE 90kV N0 1 VOVES;28422;Les Villages Vovéens;;< 5 MW;;;;;;
WALDIP3;POSTE 63kV N0 1 WALDIGHOFFEN;68355;Waldighofen;;< 5 MW;;;;;;
WARHEP4;POSTE 90kV N0 1 WARHEM;59641;Warhem;;< 5 MW;;;;;;
WATTIP4;POSTE 90kV N0 1 WATTIGNIES;59648;Wattignies;;< 5 MW;zone soutirage;;;;;
WEPPEP6;POSTE 225kV N0 1 WEPPES;59196;Ennetières-en-Weppes;;< 5 MW;;;;;;
WEPPEP7;POSTE 400kV N0 1 WEPPES;59196;Ennetières-en-Weppes;;< 5 MW;;;;;;
YAINVP4;POSTE 90kV N0 1 YAINVILLE;76750;Yainville;;< 5 MW;zone soutirage;;;;;
YAINVP6;POSTE 225kV N0 1 YAINVILLE;76750;Yainville;;< 5 MW;zone soutirage;;;;;
YDES P4;POSTE 90kV N0 1 YDES;15265;Ydes;;< 5 MW;zone injection PV;du 1er mai au 2 septembre inclus;;;;
YSSINP3;POSTE 63kV N0 1 YSSINGEAUX;43268;Yssingeaux;;< 5 MW;;;;;;
YVE.OP7;POSTE 400kV N0 1 YVELINES-OUEST;78389;Méré;;< 5 MW;;;;;;
YZEURP3;POSTE 63kV N0 1 YZEURE;03321;Yzeure;;< 5 MW;zone injection PV;du 1er mai au 2 septembre inclus;;;;
